Rk,Name,Position,Age,Team,Games,GS,MinutesPlayed,FG,FGA,3P,3PA,2P,2PA,FT,FTA,OffensiveRebounds,DefensiveRebounds,Assists,Steals,Blocks,Turnovers,Fouls,PTS
1,Precious Achiuwa,C,22,TOR,48,23,23.1,3.1,7.3,0.4,1.2,2.7,6.1,0.9,1.6,2.2,4.7,1.1,0.5,0.6,1.0,2.0,7.5
2,Steven Adams,C,28,MEM,56,55,26.1,2.8,5.0,0.0,0.0,2.8,5.0,1.5,2.7,4.5,5.1,3.2,0.9,0.7,1.6,1.9,7.0
3,Bam Adebayo,C,24,MIA,33,33,33.0,7.2,13.6,0.0,0.1,7.2,13.5,4.4,5.8,2.8,7.4,3.5,1.5,0.6,2.9,3.2,18.7
4,Santi Aldama,PF,21,MEM,27,0,10.3,1.4,3.6,0.1,1.4,1.2,2.1,0.4,0.7,0.9,1.5,0.5,0.1,0.3,0.3,1.0,3.3
5,LaMarcus Aldridge,C,36,BRK,38,11,22.8,5.8,10.5,0.3,1.0,5.5,9.4,1.7,2.0,1.6,4.2,0.8,0.3,1.1,1.0,1.7,13.7
6,Nickeil Alexander-Walker,SG,23,NOP,50,19,26.3,4.7,12.6,1.9,6.1,2.8,6.5,1.4,1.9,0.7,2.6,2.8,0.8,0.4,1.7,1.8,12.8
7,Grayson Allen,SG,26,MIL,49,48,28.0,4.0,9.4,2.5,6.4,1.5,3.0,1.0,1.1,0.5,2.9,1.5,0.8,0.3,0.6,1.4,11.5
8,Jarrett Allen,C,23,CLE,50,50,32.6,6.6,9.9,0.0,0.2,6.6,9.7,3.0,4.3,3.6,7.4,1.8,0.7,1.3,1.8,1.8,16.2
9,Jose Alvarado,PG,23,NOP,31,1,12.8,1.9,4.5,0.6,1.8,1.4,2.7,0.6,0.9,0.3,1.2,2.0,1.0,0.2,0.5,1.3,5.1
11,Kyle Anderson,PF,28,MEM,47,8,21.7,3.0,7.0,0.6,1.7,2.4,5.3,1.0,1.6,0.9,4.3,2.7,1.1,0.6,1.0,1.5,7.6
12,Giannis Antetokounmpo,PF,27,MIL,48,48,32.6,10.1,18.4,1.2,3.8,8.9,14.6,8.1,11.3,1.9,9.4,6.0,0.9,1.4,3.3,3.2,29.4
13,Thanasis Antetokounmpo,SF,29,MIL,36,5,9.9,1.1,2.4,0.0,0.3,1.1,2.1,0.4,0.7,0.9,1.3,0.5,0.4,0.3,0.6,1.6,2.7
14,Carmelo Anthony,PF,37,LAL,50,3,26.5,4.6,10.5,2.3,5.9,2.3,4.6,2.0,2.4,0.8,3.3,1.0,0.7,0.8,0.9,2.2,13.4
15,Cole Anthony,PG,21,ORL,46,46,33.0,6.0,15.2,2.2,6.5,3.9,8.7,3.5,4.0,0.6,5.2,5.9,0.8,0.3,2.9,2.7,17.7
16,OG Anunoby,SF,24,TOR,42,42,36.7,6.6,15.1,2.4,6.8,4.2,8.3,1.9,2.5,1.6,3.9,2.6,1.5,0.6,1.8,3.0,17.5
17,Trevor Ariza,SF,36,LAL,20,8,19.3,1.3,3.7,1.0,3.1,0.3,0.7,0.4,0.7,0.3,3.1,1.2,0.5,0.2,0.5,0.9,4.0
18,D.J. Augustin,PG,34,HOU,34,2,15.0,1.6,4.0,1.1,2.8,0.5,1.2,1.0,1.1,0.2,1.0,2.2,0.3,0.0,1.3,0.5,5.4
19,Deni Avdija,SF,21,WAS,57,6,23.3,2.8,6.4,0.9,2.9,1.9,3.5,1.1,1.5,0.6,4.4,1.6,0.8,0.6,0.9,2.3,7.6
20,Joel Ayayi,SG,21,WAS,7,0,2.9,0.1,0.9,0.0,0.1,0.1,0.7,0.0,0.0,0.1,0.3,0.6,0.0,0.0,0.0,0.0,0.3
21,Deandre Ayton,C,23,PHO,37,37,29.1,7.2,11.4,0.1,0.2,7.1,11.1,2.0,2.8,2.6,7.6,1.4,0.8,0.8,1.6,2.2,16.5
22,Udoka Azubuike,C,22,UTA,15,6,11.9,2.2,2.9,0.0,0.0,2.2,2.9,0.4,0.7,1.0,3.1,0.0,0.1,0.7,0.8,1.5,4.8
23,Marvin Bagley III,PF,22,SAC,30,17,21.9,3.8,8.2,0.5,2.1,3.3,6.1,1.2,1.6,2.2,4.9,0.6,0.3,0.4,0.7,1.7,9.3
24,LaMelo Ball,PG,20,CHO,52,52,32.6,7.2,16.9,2.7,7.3,4.5,9.7,3.1,3.6,1.6,5.4,7.4,1.6,0.4,3.1,3.2,20.2
25,Lonzo Ball,PG,24,CHI,35,35,34.6,4.6,10.9,3.1,7.4,1.5,3.5,0.6,0.8,1.0,4.4,5.1,1.8,0.9,2.3,2.4,13.0
26,Mo Bamba,C,23,ORL,49,47,26.0,3.9,8.4,1.3,3.7,2.7,4.7,0.8,1.0,2.1,5.8,1.3,0.6,1.8,1.2,2.5,10.0
27,Desmond Bane,SF,23,MEM,56,56,30.2,6.6,14.4,2.9,6.9,3.7,7.4,1.8,1.9,0.6,3.9,2.5,1.2,0.4,1.6,2.6,17.9
28,Dalano Banton,SF,22,TOR,47,1,11.8,1.5,3.6,0.2,0.9,1.2,2.6,0.4,0.7,0.7,1.6,1.6,0.5,0.2,1.0,1.2,3.6
30,Harrison Barnes,PF,29,SAC,55,55,33.7,5.2,11.1,2.0,4.8,3.2,6.3,4.7,5.6,1.1,5.0,2.5,0.7,0.2,1.6,1.3,17.0
31,Scottie Barnes,PF,20,TOR,49,49,35.4,5.7,12.1,0.8,2.7,4.9,9.4,2.2,3.0,2.4,5.0,3.3,1.0,0.8,1.8,2.7,14.4
32,RJ Barrett,SF,21,NYK,48,48,33.1,6.4,15.5,2.0,5.6,4.4,9.8,3.2,4.6,0.9,4.8,2.6,0.5,0.3,2.0,2.0,18.0
33,Will Barton,SG,31,DEN,51,51,32.3,5.8,13.0,2.2,6.0,3.5,7.0,1.4,1.7,0.6,4.3,3.9,0.8,0.5,1.9,1.5,15.2
35,Charles Bassey,PF,21,PHI,23,0,7.3,1.3,2.0,0.0,0.2,1.3,1.9,0.4,0.5,1.0,1.7,0.3,0.2,0.7,0.3,1.4,3.0
36,Keita Bates-Diop,SF,26,SAS,45,12,16.3,2.2,4.3,0.3,0.9,1.8,3.4,0.7,1.0,1.0,2.9,0.6,0.5,0.3,0.7,1.0,5.3
37,Nicolas Batum,PF,33,LAC,39,34,24.9,3.3,6.7,2.0,4.8,1.3,1.9,0.4,0.6,0.5,4.0,1.5,1.0,0.7,0.7,1.4,9.0
38,Kent Bazemore,SF,32,LAL,32,14,14.4,1.3,3.8,0.8,2.1,0.5,1.7,0.4,0.5,0.3,1.4,0.9,0.7,0.2,0.3,1.8,3.7
39,Darius Bazley,PF,21,OKC,53,37,27.3,3.6,9.0,1.0,3.5,2.6,5.5,1.6,2.3,1.1,5.4,1.3,0.8,1.1,1.3,1.0,9.8
40,Bradley Beal,SG,28,WAS,40,40,36.0,8.7,19.3,1.6,5.3,7.1,14.0,4.2,5.1,1.0,3.8,6.6,0.9,0.4,3.4,2.4,23.2
41,Malik Beasley,SG,25,MIN,59,10,25.3,4.3,11.4,2.9,8.2,1.4,3.2,0.5,0.7,0.4,2.6,1.5,0.5,0.2,0.6,1.2,11.9
43,DeAndre' Bembry,SF,27,BRK,48,20,19.8,2.5,4.4,0.3,0.8,2.2,3.7,0.4,0.7,0.8,2.4,1.3,1.0,0.5,0.6,2.2,5.8
44,D?vis Bert?ns,PF,29,WAS,34,0,14.7,1.8,5.0,1.4,4.2,0.4,0.8,0.8,0.9,0.2,1.6,0.5,0.3,0.2,0.4,1.6,5.7
45,Patrick Beverley,PG,33,MIN,40,36,26.4,3.2,7.8,1.4,4.2,1.8,3.6,1.5,2.1,1.1,3.3,4.9,1.2,1.0,1.3,3.1,9.2
46,Saddiq Bey,SF,22,DET,58,58,33.6,5.5,14.1,2.6,7.4,2.9,6.7,2.4,2.9,1.4,4.4,2.8,0.9,0.2,1.3,1.6,15.9
47,Khem Birch,C,29,TOR,31,8,18.7,1.9,3.8,0.0,0.3,1.9,3.5,1.1,1.5,2.4,2.2,1.1,0.8,0.5,0.5,1.7,5.0
48,Goga Bitadze,C,22,IND,35,8,11.8,1.9,4.1,0.2,1.3,1.6,2.8,1.0,1.6,1.4,1.5,0.8,0.4,0.7,0.8,1.8,4.9
49,Bismack Biyombo,C,29,PHO,17,3,18.1,3.5,5.6,0.0,0.0,3.5,5.6,1.6,3.0,2.7,3.6,0.8,0.5,0.8,0.8,2.3,8.5
50,Nemanja Bjelica,C,33,GSW,53,0,15.3,2.3,5.0,0.8,2.3,1.5,2.7,0.8,1.2,0.8,3.1,1.9,0.6,0.3,1.1,1.7,6.2
51,Eric Bledsoe,PG,32,LAC,54,29,25.2,3.6,8.7,0.9,3.0,2.7,5.6,1.6,2.2,0.5,2.9,4.2,1.3,0.4,2.1,1.6,9.9
52,Keljin Blevins,SF,26,POR,12,0,6.1,0.8,1.9,0.5,1.2,0.3,0.8,0.0,0.2,0.2,0.5,0.3,0.0,0.0,0.5,0.4,2.0
53,Bogdan Bogdanovi?,SG,29,ATL,40,26,28.7,4.9,11.2,2.5,6.6,2.4,4.6,1.1,1.4,0.3,3.5,3.0,1.0,0.2,1.1,2.1,13.3
54,Bojan Bogdanovi?,PF,32,UTA,56,56,31.0,6.1,13.4,2.4,6.4,3.6,6.9,3.2,3.7,0.8,3.5,1.7,0.5,0.0,1.7,1.7,17.8
55,Bol Bol,PF,22,DEN,14,0,5.8,1.1,1.9,0.1,0.3,1.0,1.6,0.1,0.4,0.3,1.1,0.4,0.1,0.1,0.3,0.3,2.4
56,Leandro Bolmaro,SF,21,MIN,25,2,7.5,0.4,1.3,0.1,0.5,0.3,0.8,0.3,0.4,0.6,0.8,0.4,0.2,0.0,0.5,0.8,1.1
57,Isaac Bonga,SF,22,TOR,13,0,5.1,0.2,1.0,0.1,0.3,0.2,0.7,0.3,0.5,0.3,0.2,0.2,0.5,0.2,0.2,0.8,0.8
58,Devin Booker,SG,25,PHO,51,51,34.1,9.3,20.8,2.6,7.1,6.6,13.7,4.3,5.0,0.8,4.4,4.5,1.0,0.4,2.4,2.5,25.5
59,Brandon Boston Jr.,SG,20,LAC,40,0,15.3,2.4,6.5,0.7,2.3,1.7,4.2,1.2,1.4,0.3,2.0,0.9,0.5,0.3,0.7,0.9,6.7
60,Chris Boucher,PF,29,TOR,55,8,20.2,3.2,6.9,0.8,2.7,2.4,4.2,2.0,2.6,2.1,3.8,0.3,0.7,1.0,0.6,2.2,9.1
61,James Bouknight,SG,21,CHO,27,0,10.7,1.8,5.0,0.6,1.8,1.1,3.2,1.0,1.1,0.8,1.0,0.8,0.2,0.0,0.4,1.0,5.2
62,Avery Bradley,SG,31,LAL,49,42,23.8,2.5,6.1,1.4,3.6,1.1,2.5,0.2,0.3,0.6,1.8,0.8,0.9,0.2,0.7,1.9,6.6
63,Tony Bradley,C,24,CHI,45,7,11.1,1.4,2.4,0.0,0.0,1.4,2.4,0.3,0.5,1.3,2.4,0.5,0.2,0.7,0.6,1.2,3.1
64,Ignas Brazdeikis,SF,23,ORL,28,0,9.0,1.0,2.8,0.4,1.3,0.6,1.5,0.4,0.5,0.4,0.9,0.8,0.3,0.0,0.3,0.9,2.8
65,Mikal Bridges,SF,25,PHO,58,58,34.8,5.3,10.0,1.4,3.8,3.9,6.2,1.4,1.6,1.0,3.3,2.1,1.2,0.4,0.8,1.9,13.4
66,Miles Bridges,PF,23,CHO,57,57,36.0,7.4,15.4,1.8,5.9,5.6,9.5,3.3,4.1,1.2,6.0,3.6,1.1,0.9,1.9,2.6,19.9
67,Oshae Brissett,SF,23,IND,47,5,20.3,2.5,6.1,0.9,2.8,1.6,3.3,1.3,2.0,1.5,3.2,0.8,0.6,0.4,0.8,1.4,7.2
68,Malcolm Brogdon,PG,29,IND,28,28,33.4,6.6,14.7,1.6,5.4,4.9,9.3,3.8,4.4,0.9,4.3,5.9,0.9,0.4,2.2,2.0,18.5
69,Armoni Brooks,SG,23,HOU,41,8,16.8,2.1,6.1,1.6,5.2,0.6,0.9,0.4,0.5,0.3,1.7,1.2,0.5,0.2,0.6,1.5,6.2
70,Dillon Brooks,SF,26,MEM,21,20,28.0,6.9,16.2,1.6,4.8,5.3,11.4,3.0,3.4,0.8,2.5,2.7,1.3,0.2,1.8,3.3,18.4
71,Bruce Brown,SF,25,BRK,49,22,21.0,2.7,5.4,0.3,0.8,2.4,4.6,0.8,1.1,1.2,3.1,1.3,1.0,0.6,0.7,2.3,6.4
72,Charlie Brown Jr.,SG,24,PHI,16,2,9.8,0.6,2.1,0.1,0.6,0.5,1.6,0.6,0.6,0.9,1.1,0.3,0.5,0.2,0.3,1.0,1.8
74,Greg Brown III,SF,20,POR,28,0,7.9,1.3,2.9,0.1,0.8,1.1,2.1,0.7,1.1,0.7,1.3,0.3,0.3,0.4,0.4,1.1,3.3
75,Jaylen Brown,SF,25,BOS,46,46,34.3,8.7,18.8,2.7,7.5,6.0,11.3,3.8,4.9,0.8,5.7,3.3,1.1,0.3,2.9,2.5,23.7
76,Moses Brown,C,22,DAL,26,1,6.5,1.0,1.9,0.0,0.0,1.0,1.9,1.0,1.7,0.6,1.7,0.0,0.1,0.3,0.5,1.1,3.1
77,Sterling Brown,SG,26,DAL,37,3,14.0,1.4,3.5,0.7,2.1,0.6,1.3,0.3,0.3,0.6,2.8,0.8,0.3,0.1,0.6,1.2,3.8
78,Troy Brown Jr.,SF,22,CHI,48,6,18.1,1.8,4.4,0.7,2.1,1.0,2.2,0.4,0.5,0.7,2.8,1.1,0.6,0.1,0.5,1.1,4.6
79,Jalen Brunson,PG,25,DAL,57,39,32.0,6.4,12.9,1.1,3.1,5.3,9.8,2.1,2.6,0.6,3.3,5.4,0.9,0.1,1.7,1.9,16.1
80,Thomas Bryant,C,24,WAS,15,8,17.5,3.0,6.1,0.6,1.9,2.4,4.2,1.2,1.5,1.4,2.5,0.9,0.4,0.5,0.6,1.8,7.8
82,Reggie Bullock,SF,30,DAL,49,18,25.3,2.8,6.8,1.9,5.2,0.9,1.6,0.6,0.7,0.4,3.0,1.0,0.5,0.1,0.5,1.4,8.2
83,Trey Burke,PG,29,DAL,32,0,10.8,2.2,5.3,0.7,2.2,1.5,3.2,0.5,0.5,0.1,0.8,1.4,0.3,0.0,0.7,1.0,5.7
84,Alec Burks,SG,30,NYK,58,21,26.6,3.3,8.6,1.7,4.4,1.6,4.2,2.7,3.3,0.6,3.8,2.7,1.1,0.3,1.0,2.4,10.9
85,Jared Butler,SG,21,UTA,28,1,7.6,1.3,3.1,0.6,1.7,0.7,1.5,0.3,0.4,0.1,0.7,1.2,0.3,0.3,0.8,1.0,3.4
86,Jimmy Butler,SF,32,MIA,39,39,33.9,7.2,14.7,0.4,1.8,6.8,12.9,7.2,8.0,1.9,4.4,5.9,1.8,0.4,2.1,1.5,21.9
87,Devontae Cacok,PF,25,SAS,10,0,8.0,1.6,2.3,0.0,0.0,1.6,2.3,0.4,0.7,0.5,2.5,0.2,0.5,0.7,0.2,1.1,3.6
88,Kentavious Caldwell-Pope,SG,28,WAS,54,54,29.5,4.2,10.2,2.0,5.2,2.2,5.0,1.3,1.5,0.5,2.9,1.7,1.1,0.4,1.2,1.7,11.7
89,Facundo Campazzo,PG,30,DEN,54,4,20.3,1.9,5.1,1.1,3.3,0.9,1.8,1.1,1.3,0.4,1.6,3.7,1.1,0.4,1.2,2.1,6.0
90,Vlatko ?an?ar,PF,24,DEN,14,1,10.9,1.6,2.8,0.5,0.9,1.1,1.9,0.6,0.9,0.4,1.2,0.9,0.1,0.2,0.6,0.9,4.3
91,Clint Capela,C,27,ATL,50,49,28.0,4.8,8.2,0.0,0.0,4.8,8.1,1.1,2.4,3.7,8.3,1.4,0.7,1.4,0.6,2.2,10.7
92,Vernon Carey Jr.,C,20,CHO,4,1,4.3,0.8,1.5,0.0,0.0,0.8,1.5,0.5,0.8,0.8,0.5,0.0,0.3,0.0,0.3,0.3,2.0
93,Jevon Carter,PG,26,BRK,45,1,11.8,1.2,3.6,0.9,2.6,0.3,1.0,0.1,0.2,0.2,1.2,1.0,0.3,0.2,0.5,1.0,3.4
94,Wendell Carter Jr.,C,22,ORL,51,50,29.4,5.4,10.6,1.2,3.6,4.2,7.0,2.1,3.0,2.1,8.1,2.7,0.6,0.7,1.7,2.6,14.0
95,Alex Caruso,SG,27,CHI,28,9,27.7,2.8,6.5,1.1,3.1,1.7,3.4,1.7,2.1,0.9,3.0,3.9,1.9,0.4,1.4,2.4,8.4
96,Willie Cauley-Stein,C,28,DAL,18,2,9.8,0.9,1.9,0.1,0.1,0.8,1.8,0.1,0.1,0.7,1.4,0.5,0.3,0.2,0.4,0.9,1.9
98,Justin Champagnie,SF,20,TOR,31,0,8.2,0.9,1.9,0.3,0.7,0.6,1.2,0.3,0.3,1.2,0.9,0.3,0.2,0.1,0.2,1.0,2.5
100,Chris Chiozza,PG,26,GSW,26,1,10.7,0.7,2.5,0.6,1.7,0.1,0.8,0.0,0.0,0.3,0.8,1.8,0.3,0.0,0.8,0.9,2.1
101,Marquese Chriss,PF,24,DAL,23,0,11.1,2.1,4.4,0.3,0.9,1.8,3.5,0.5,0.8,1.0,2.5,0.5,0.5,0.4,0.7,2.1,5.0
102,Josh Christopher,SG,20,HOU,49,2,16.3,2.8,6.1,0.8,2.4,2.0,3.7,1.0,1.3,0.7,1.4,1.7,0.8,0.1,1.4,1.0,7.3
103,Gary Clark,PF,27,NOP,26,1,11.3,0.9,2.6,0.8,2.2,0.1,0.4,0.2,0.3,0.6,2.1,0.4,0.4,0.3,0.2,0.6,2.9
104,Brandon Clarke,PF,25,MEM,45,1,19.3,4.5,7.0,0.1,0.4,4.4,6.6,1.4,2.0,2.1,3.4,1.4,0.6,1.1,0.5,1.8,10.5
105,Jordan Clarkson,SG,29,UTA,55,1,26.4,5.6,13.9,2.5,7.9,3.1,6.0,1.7,2.1,0.8,2.6,2.4,0.7,0.2,1.6,1.9,15.5
106,Nic Claxton,C,22,BRK,25,18,21.2,4.0,6.2,0.0,0.0,4.0,6.2,1.2,2.1,2.2,3.4,0.8,0.5,1.1,0.7,2.2,9.1
107,Amir Coffey,SG,24,LAC,47,20,22.1,2.7,6.1,1.4,3.6,1.4,2.5,1.4,1.6,0.5,2.5,1.6,0.5,0.2,0.6,1.3,8.3
108,John Collins,PF,24,ATL,50,50,31.3,6.5,12.1,1.2,3.2,5.3,8.9,2.5,3.2,1.8,6.1,1.9,0.6,1.1,1.1,3.1,16.8
109,Zach Collins,PF,24,SAS,5,0,16.4,2.4,5.4,0.6,1.4,1.8,4.0,0.4,0.8,1.6,3.6,2.2,0.8,0.4,1.6,2.2,5.8
111,Mike Conley,PG,34,UTA,52,52,28.3,4.8,10.9,2.4,5.8,2.4,5.2,1.9,2.3,0.6,2.5,5.3,1.2,0.3,1.7,1.9,13.8
112,Pat Connaughton,SG,29,MIL,54,18,27.0,3.6,7.7,2.3,5.7,1.3,2.0,0.6,0.7,0.7,3.7,1.2,0.9,0.3,0.6,1.4,10.1
113,Tyler Cook,PF,24,CHI,19,2,10.3,1.2,1.9,0.0,0.0,1.2,1.9,1.1,1.6,0.8,1.9,0.2,0.2,0.2,0.4,1.4,3.4
114,Sharife Cooper,PG,20,ATL,11,0,3.2,0.3,1.3,0.1,0.5,0.2,0.7,0.0,0.0,0.0,0.5,0.5,0.0,0.0,0.5,0.1,0.6
115,Petr Cornelie,PF,26,DEN,13,0,2.9,0.4,1.2,0.1,0.6,0.3,0.5,0.2,0.3,0.5,0.5,0.2,0.1,0.1,0.3,0.5,1.1
116,DeMarcus Cousins,C,31,MIL,17,5,16.9,3.2,6.9,0.8,2.8,2.5,4.1,1.8,2.2,1.4,4.4,1.1,0.9,0.5,0.9,2.7,9.1
116,DeMarcus Cousins,C,31,DEN,8,0,13.1,1.9,6.4,0.6,2.3,1.3,4.1,1.8,2.5,2.0,4.3,1.1,0.6,0.3,2.3,2.9,6.1
117,Robert Covington,PF,31,POR,48,40,29.8,2.7,7.0,1.6,4.8,1.0,2.2,0.6,0.8,0.9,4.9,1.4,1.5,1.3,1.2,2.8,7.6
117,Robert Covington,SF,31,LAC,6,0,20.5,3.0,6.0,1.2,3.5,1.8,2.5,1.7,2.2,1.2,3.0,1.0,1.5,0.8,1.3,2.7,8.8
118,Torrey Craig,SF,31,IND,51,14,20.3,2.5,5.5,0.9,2.7,1.6,2.8,0.5,0.7,1.2,2.7,1.1,0.5,0.4,0.8,1.9,6.5
119,Jae Crowder,PF,31,PHO,48,48,28.2,3.1,7.8,1.8,5.2,1.3,2.6,1.0,1.2,0.5,4.8,1.5,1.3,0.5,0.8,2.4,8.9
120,Jarrett Culver,SG,22,MEM,27,0,9.2,1.5,3.6,0.4,1.2,1.1,2.3,0.4,0.9,0.4,1.1,1.0,0.6,0.1,0.5,1.1,3.8
122,Cade Cunningham,PG,20,DET,44,44,31.8,6.0,15.2,2.0,6.2,4.0,9.0,1.8,2.0,0.9,4.5,5.2,1.3,0.7,3.5,3.0,15.7
123,Seth Curry,SG,31,PHI,45,45,34.8,5.7,11.7,2.2,5.6,3.5,6.2,1.4,1.6,0.4,3.0,4.0,0.8,0.2,1.9,2.2,15.0
124,Stephen Curry,PG,33,GSW,54,54,34.8,8.4,19.6,4.6,12.3,3.7,7.3,4.4,4.8,0.6,4.7,6.3,1.4,0.4,3.2,2.1,25.8
125,Anthony Davis,C,28,LAL,37,37,35.1,9.2,17.2,0.3,1.8,8.9,15.4,4.4,6.1,2.8,6.9,2.9,1.2,2.3,2.1,2.5,23.1
126,Ed Davis,C,32,CLE,19,3,7.5,0.5,0.7,0.0,0.0,0.5,0.7,0.2,0.4,0.4,1.9,0.3,0.2,0.4,0.3,1.4,1.1
127,Terence Davis,SG,24,SAC,30,11,17.9,3.8,8.9,1.6,5.0,2.1,3.9,1.2,1.5,0.4,2.8,1.3,0.8,0.4,1.1,2.3,10.4
128,Gabriel Deck,PF,26,OKC,7,0,8.0,1.1,2.0,0.3,0.6,0.9,1.4,0.0,0.0,0.1,0.7,0.7,0.1,0.0,0.3,0.3,2.6
129,Dewayne Dedmon,C,32,MIA,50,15,16.4,2.6,4.5,0.3,0.6,2.3,3.9,1.1,1.4,1.8,4.3,0.7,0.4,0.5,1.1,2.4,6.6
132,DeMar DeRozan,PF,32,CHI,55,55,35.6,10.3,19.9,0.6,1.8,9.7,18.1,6.9,8.0,0.8,4.4,5.1,0.9,0.3,2.3,2.2,28.1
133,Mamadi Diakite,PF,25,OKC,13,3,14.5,1.9,3.6,0.0,0.4,1.9,3.2,0.5,0.8,1.3,3.2,0.2,0.4,0.7,0.5,2.5,4.3
135,Hamidou Diallo,SG,23,DET,51,29,22.6,4.5,9.2,0.4,1.6,4.2,7.6,1.6,2.4,1.2,3.7,1.3,1.2,0.3,1.0,2.6,11.1
136,Gorgui Dieng,C,32,ATL,37,3,9.0,1.2,2.6,0.6,1.5,0.6,1.1,0.5,0.6,0.9,2.2,0.8,0.3,0.4,0.5,1.2,3.6
137,Spencer Dinwiddie,PG,28,WAS,44,44,30.2,4.2,11.2,1.6,5.1,2.6,6.0,2.6,3.3,0.8,3.9,5.8,0.6,0.2,1.7,2.4,12.6
138,Donte DiVincenzo,SG,25,MIL,17,0,20.1,2.3,6.9,1.2,4.4,1.1,2.6,1.4,1.6,1.1,2.5,1.7,0.6,0.2,1.6,1.5,7.2
139,Luka Don?i?,PG,22,DAL,43,43,35.4,9.6,21.3,2.7,8.1,6.9,13.2,5.3,7.2,0.9,8.2,9.0,1.2,0.5,4.4,2.4,27.0
140,Luguentz Dort,SF,22,OKC,51,51,32.6,5.7,14.2,2.5,7.7,3.2,6.6,3.2,3.7,0.7,3.4,1.7,0.9,0.4,1.7,2.9,17.2
141,Ayo Dosunmu,SG,22,CHI,54,20,25.9,3.2,6.2,0.9,2.3,2.3,3.9,0.8,1.1,0.3,2.5,3.1,0.7,0.4,1.2,2.2,8.1
143,Devon Dotson,PG,22,CHI,11,0,7.7,1.0,2.1,0.2,0.8,0.8,1.3,0.5,0.8,0.1,0.7,1.4,0.1,0.0,0.5,1.0,2.6
145,Jeff Dowtin,PG,24,GSW,4,0,7.0,0.8,1.5,0.0,0.3,0.8,1.3,0.0,0.0,0.3,1.5,0.8,0.0,0.3,0.3,0.5,1.5
146,PJ Dozier,SG,25,DEN,18,0,18.9,2.0,5.5,0.8,2.7,1.2,2.8,0.6,0.7,0.8,2.7,1.6,0.6,0.3,0.7,1.8,5.4
147,Goran Dragi?,PG,35,TOR,5,2,18.0,2.6,6.8,0.8,2.8,1.8,4.0,2.0,2.0,0.4,2.4,1.8,1.0,0.2,0.2,1.6,8.0
148,Andre Drummond,C,28,PHI,49,12,18.4,2.6,4.9,0.0,0.0,2.6,4.8,0.9,1.7,2.8,6.1,2.0,1.1,0.9,1.6,2.5,6.1
149,Chris Duarte,SG,24,IND,50,38,28.7,5.0,11.5,1.7,4.8,3.3,6.7,1.7,2.1,0.7,3.4,2.2,1.0,0.2,1.7,1.7,13.4
150,David Duke Jr.,PG,22,BRK,18,7,16.2,1.9,5.2,0.5,1.8,1.4,3.4,0.9,1.1,1.6,1.8,0.8,0.7,0.3,0.4,1.7,5.3
151,Kevin Durant,PF,33,BRK,36,36,36.5,10.5,20.3,1.9,5.0,8.7,15.3,6.3,7.1,0.6,6.9,5.8,0.8,0.9,3.0,1.9,29.3
153,Anthony Edwards,SG,20,MIN,53,53,34.6,7.8,18.0,3.1,8.7,4.8,9.3,3.1,4.0,0.9,3.9,3.6,1.5,0.7,2.8,2.3,21.9
154,Kessler Edwards,SF,21,BRK,27,19,24.9,2.6,6.5,1.1,3.3,1.5,3.2,0.3,0.4,1.0,3.3,0.6,0.8,0.6,1.1,2.0,6.7
156,CJ Elleby,SF,21,POR,35,7,15.1,1.6,4.1,0.5,1.8,1.1,2.3,0.6,0.7,0.9,2.1,1.1,0.5,0.2,0.5,1.6,4.3
157,Wayne Ellington,SG,34,LAL,35,9,18.9,2.1,5.3,1.9,4.8,0.2,0.5,0.1,0.1,0.3,1.5,0.7,0.5,0.1,0.4,1.0,6.1
158,Joel Embiid,C,27,PHI,45,45,32.8,9.4,19.2,1.3,3.6,8.1,15.6,9.1,11.2,2.0,9.1,4.5,1.0,1.5,2.9,2.6,29.3
160,Drew Eubanks,C,24,SAS,49,9,12.1,1.7,3.2,0.0,0.2,1.7,3.1,1.2,1.6,1.3,2.7,1.0,0.3,0.6,0.9,1.2,4.7
161,Tacko Fall,C,26,CLE,11,1,5.4,0.5,1.1,0.0,0.0,0.5,1.1,0.2,0.6,0.6,1.5,0.2,0.0,0.5,0.3,0.3,1.1
162,Derrick Favors,C,30,OKC,38,17,16.7,2.4,4.7,0.1,0.4,2.4,4.3,0.4,0.6,1.5,3.2,0.6,0.4,0.3,0.2,1.6,5.3
163,Bruno Fernando,C,23,BOS,20,0,2.9,0.4,0.7,0.1,0.1,0.3,0.7,0.2,0.3,0.4,0.4,0.2,0.0,0.2,0.3,0.3,1.0
164,Dorian Finney-Smith,PF,28,DAL,57,57,32.8,3.7,8.5,1.9,5.1,1.8,3.3,0.8,1.2,1.6,3.2,1.9,1.2,0.5,1.1,2.3,10.1
165,Malik Fitts,PF,24,UTA,7,0,5.0,0.3,1.3,0.3,0.6,0.0,0.7,0.0,0.0,0.0,1.4,0.0,0.0,0.0,0.3,0.4,0.9
166,Malachi Flynn,PG,23,TOR,34,1,9.0,1.1,3.1,0.5,1.6,0.6,1.5,0.2,0.3,0.2,0.9,1.1,0.4,0.1,0.3,0.9,2.9
167,Bryn Forbes,SG,28,SAS,40,1,16.9,3.2,7.4,1.6,3.8,1.6,3.6,1.1,1.2,0.1,1.5,1.0,0.4,0.1,0.8,1.1,9.1
167,Bryn Forbes,SG,28,DEN,15,0,20.1,3.9,8.7,1.8,4.2,2.1,4.5,0.9,1.0,0.1,1.0,1.1,0.2,0.1,0.7,1.7,10.6
168,Aleem Ford,SF,24,ORL,5,0,14.8,1.2,4.0,0.4,3.0,0.8,1.0,0.0,0.0,0.4,2.6,0.4,0.2,0.0,0.8,1.4,2.8
169,Trent Forrest,PG,23,UTA,46,4,12.2,1.3,2.4,0.1,0.4,1.2,2.0,0.6,0.8,0.4,1.3,1.5,0.5,0.1,0.8,0.7,3.2
170,Evan Fournier,SG,29,NYK,57,57,29.5,5.2,12.3,3.0,7.6,2.2,4.8,1.1,1.5,0.5,2.4,1.9,1.0,0.3,1.4,2.1,14.5
171,De'Aaron Fox,PG,24,SAC,48,48,34.4,8.2,17.6,1.0,3.8,7.1,13.8,4.4,5.9,0.5,3.4,5.1,1.1,0.4,2.8,2.9,21.8
172,Tim Frazier,PG,31,ORL,10,3,20.0,1.3,4.3,0.6,1.7,0.7,2.6,0.5,0.9,0.5,1.4,3.3,0.3,0.1,1.3,2.4,3.7
173,Enes Freedom,C,29,BOS,35,1,11.7,1.5,2.8,0.1,0.1,1.4,2.6,0.7,0.8,1.7,2.8,0.2,0.1,0.4,0.6,1.2,3.7
174,Wenyen Gabriel,PF,24,LAC,6,0,7.7,0.8,2.2,0.3,0.8,0.5,1.3,0.3,0.7,0.8,1.5,0.3,0.2,0.3,0.5,1.8,2.3
175,Daniel Gafford,C,23,WAS,48,46,20.6,3.8,5.6,0.0,0.0,3.8,5.6,1.4,1.8,2.3,3.8,1.0,0.4,1.5,0.9,2.4,8.9
176,Danilo Gallinari,PF,33,ATL,47,4,23.4,3.3,7.9,1.6,4.0,1.7,3.9,2.3,2.6,0.6,3.8,1.4,0.5,0.2,0.6,1.4,10.6
177,Langston Galloway,SG,30,BRK,4,0,14.5,1.3,3.3,0.5,2.0,0.8,1.3,0.0,0.0,0.3,1.8,1.3,0.0,0.0,1.3,1.3,3.0
178,Darius Garland,PG,22,CLE,47,47,34.6,7.8,16.3,2.6,6.8,5.2,9.5,2.2,2.4,0.5,2.8,8.0,1.2,0.1,3.7,1.7,20.3
179,Marcus Garrett,SG,23,MIA,12,0,10.7,0.4,1.8,0.1,0.3,0.3,1.4,0.2,0.4,0.8,1.2,0.6,0.4,0.3,0.2,1.3,1.1
180,Usman Garuba,PF,19,HOU,15,0,7.0,0.5,1.6,0.1,0.9,0.4,0.7,0.1,0.1,0.6,1.7,0.5,0.5,0.4,0.2,0.6,1.3
181,Luka Garza,C,23,DET,29,5,11.7,1.9,4.3,0.5,1.4,1.4,2.9,0.9,1.4,1.7,1.3,0.6,0.3,0.1,0.6,1.7,5.2
182,Rudy Gay,PF,35,UTA,35,1,20.0,3.1,7.3,1.4,4.1,1.7,3.2,1.4,1.8,1.0,3.6,1.1,0.6,0.3,0.9,1.9,8.9
183,Paul George,SF,31,LAC,26,26,35.5,9.0,21.4,2.7,8.3,6.3,13.0,4.0,4.5,0.4,6.7,5.5,2.0,0.4,4.2,2.5,24.7
184,Taj Gibson,C,36,NYK,39,4,18.3,1.5,2.9,0.2,0.6,1.3,2.4,0.6,0.8,1.6,2.8,0.6,0.4,0.8,0.6,2.8,3.9
185,Josh Giddey,SG,19,OKC,53,53,31.4,5.2,12.4,1.1,4.0,4.1,8.4,1.0,1.5,1.8,6.0,6.4,0.9,0.4,3.2,1.6,12.4
186,Shai Gilgeous-Alexander,PG,23,OKC,43,43,34.6,7.8,18.3,1.6,5.6,6.2,12.7,5.6,6.9,0.7,4.0,5.5,1.1,0.8,2.4,2.3,22.7
187,Anthony Gill,PF,29,WAS,25,0,8.3,1.2,1.8,0.2,0.4,1.0,1.5,0.7,1.0,0.7,0.8,0.4,0.1,0.2,0.4,1.4,3.2
188,Freddie Gillespie,PF,24,ORL,9,2,13.2,1.0,2.4,0.0,0.1,1.0,2.3,0.3,0.8,1.4,2.6,0.6,0.3,1.0,0.6,2.0,2.3
189,Rudy Gobert,C,29,UTA,44,44,32.1,5.6,7.9,0.0,0.0,5.6,7.8,4.5,6.5,3.5,11.3,1.2,0.8,2.3,1.8,2.7,15.7
190,Brandon Goodwin,PG,26,CLE,16,3,15.9,2.1,5.3,0.8,2.0,1.3,3.3,0.4,0.9,0.4,1.9,3.1,1.0,0.0,1.1,1.4,5.3
192,Aaron Gordon,PF,26,DEN,53,53,31.8,5.6,10.9,1.2,3.5,4.5,7.4,2.1,2.8,1.7,4.1,2.6,0.7,0.5,1.8,1.9,14.5
193,Eric Gordon,SG,33,HOU,47,36,29.7,5.0,10.5,2.3,5.4,2.8,5.1,1.9,2.6,0.3,1.7,3.0,0.5,0.4,2.0,1.1,14.3
194,Devonte' Graham,PG,26,NOP,54,54,30.8,4.3,12.0,2.8,8.2,1.5,3.8,1.6,1.9,0.5,2.0,4.5,0.9,0.1,1.6,1.4,13.0
195,Jerami Grant,PF,27,DET,33,33,32.2,6.3,15.1,1.8,5.2,4.5,9.9,4.7,5.6,0.7,3.6,2.5,1.0,1.1,2.0,2.2,19.0
196,Hassani Gravett,PG,25,ORL,8,3,21.4,2.3,4.8,1.4,3.3,0.9,1.5,0.4,0.5,0.1,2.5,2.5,0.6,0.1,1.1,1.6,6.3
197,Danny Green,SF,34,PHI,39,25,23.3,2.3,5.6,1.8,4.7,0.5,0.9,0.2,0.3,0.5,2.0,1.0,1.1,0.7,0.9,1.7,6.5
198,Draymond Green,PF,31,GSW,34,34,29.9,3.2,5.9,0.4,1.2,2.8,4.7,1.2,2.0,1.1,6.4,7.4,1.4,1.2,3.1,2.8,7.9
199,Jalen Green,SG,19,HOU,42,42,30.4,4.8,12.5,1.9,6.1,2.9,6.4,3.0,3.7,0.4,2.8,2.3,0.6,0.2,2.3,1.6,14.4
200,JaMychal Green,PF,31,DEN,45,7,14.9,2.3,5.0,0.6,2.2,1.7,2.8,1.2,1.4,1.0,2.7,0.8,0.7,0.4,0.9,2.2,6.3
201,Javonte Green,SF,28,CHI,42,31,24.2,2.8,5.2,0.5,1.5,2.3,3.7,1.5,1.8,1.6,2.8,1.1,0.9,0.5,0.6,2.1,7.6
202,Jeff Green,C,35,DEN,54,42,24.5,3.7,7.3,0.8,2.4,3.0,4.9,2.1,2.6,0.6,2.6,1.2,0.3,0.4,0.9,2.1,10.4
203,Josh Green,SG,21,DAL,43,1,14.1,1.8,3.6,0.3,0.9,1.5,2.7,0.6,0.8,0.7,1.4,1.3,0.7,0.2,0.5,1.7,4.5
204,Blake Griffin,PF,32,BRK,47,24,18.4,2.6,6.1,0.7,2.7,1.9,3.3,1.1,1.4,1.2,3.2,2.0,0.6,0.3,0.5,1.8,6.8
205,Quentin Grimes,SG,21,NYK,39,6,17.8,2.3,5.4,1.7,4.3,0.6,1.1,0.3,0.4,0.6,1.4,1.0,0.7,0.3,0.6,1.5,6.5
206,Kyle Guy,SG,24,MIA,15,0,11.7,1.7,4.0,0.9,2.3,0.8,1.7,0.5,0.7,0.1,0.7,1.1,0.5,0.1,0.8,0.8,4.9
207,Rui Hachimura,PF,23,WAS,17,0,17.8,3.1,6.9,0.9,2.2,2.1,4.7,1.2,1.5,0.4,3.1,1.0,0.5,0.3,0.7,0.9,8.2
208,Tyrese Haliburton,SG,21,SAC,51,51,34.5,5.3,11.5,2.0,4.9,3.2,6.5,1.7,2.0,0.8,3.1,7.4,1.7,0.7,2.3,1.4,14.3
208,Tyrese Haliburton,PG,21,IND,4,4,38.8,7.0,14.5,3.5,7.8,3.5,6.8,3.3,4.0,0.3,4.0,11.0,2.3,0.0,3.5,2.0,20.8
210,R.J. Hampton,SG,20,ORL,42,1,19.4,2.5,6.7,0.9,2.5,1.6,4.1,1.1,1.9,0.3,2.6,2.4,0.7,0.2,1.3,1.5,7.2
211,Tim Hardaway Jr.,SG,29,DAL,42,20,29.6,5.0,12.6,2.4,7.2,2.5,5.4,1.9,2.5,0.3,3.4,2.2,0.9,0.1,0.8,1.8,14.2
212,James Harden,PG,32,BRK,44,44,37.0,6.6,16.0,2.3,7.0,4.3,9.1,6.9,8.0,1.0,7.0,10.2,1.3,0.7,4.8,2.4,22.5
213,Maurice Harkless,SF,28,SAC,41,22,19.9,1.9,4.2,0.7,2.4,1.2,1.9,0.5,0.7,0.3,2.3,0.5,0.7,0.6,0.7,1.7,5.1
215,Montrezl Harrell,C,28,WAS,46,3,24.3,5.4,8.3,0.1,0.3,5.3,8.0,3.2,4.5,2.1,4.6,2.1,0.4,0.7,1.1,1.9,14.1
216,Gary Harris,SG,27,ORL,52,30,29.4,4.1,9.4,1.9,5.0,2.3,4.4,1.3,1.5,0.6,1.5,1.9,0.9,0.2,1.1,1.9,11.4
217,Joe Harris,SF,30,BRK,14,14,30.2,4.0,8.9,2.9,6.3,1.1,2.6,0.4,0.4,0.4,3.6,1.0,0.5,0.1,1.1,2.2,11.3
218,Tobias Harris,PF,29,PHI,48,48,35.2,7.3,14.9,1.2,3.4,6.1,11.6,3.0,3.5,1.1,6.2,3.6,0.6,0.7,1.8,2.1,18.6
220,Josh Hart,PF,26,NOP,41,40,33.5,4.8,9.4,1.0,3.2,3.7,6.2,2.8,3.8,1.3,6.5,4.1,1.1,0.3,2.0,2.9,13.4
221,Isaiah Hartenstein,C,23,LAC,46,0,15.9,3.0,4.9,0.1,0.2,3.0,4.8,1.1,1.7,1.5,2.8,1.8,0.7,1.0,1.1,2.4,7.3
222,Udonis Haslem,C,41,MIA,9,0,6.3,1.2,2.4,0.1,0.2,1.1,2.2,0.3,0.3,0.4,1.6,0.3,0.1,0.1,0.3,1.2,2.9
223,Sam Hauser,SF,24,BOS,11,0,4.9,0.6,1.7,0.6,1.7,0.0,0.0,0.0,0.0,0.1,0.5,0.4,0.1,0.1,0.0,0.4,1.9
224,Jaxson Hayes,C,21,NOP,46,4,16.8,3.2,5.0,0.2,0.6,3.1,4.4,1.9,2.5,1.4,2.5,0.5,0.4,0.7,0.7,2.3,8.5
225,Killian Hayes,PG,20,DET,46,33,24.4,2.3,6.4,0.7,2.5,1.7,4.0,0.9,1.1,0.5,2.4,4.1,1.0,0.5,1.7,2.7,6.2
226,Gordon Hayward,SF,31,CHO,48,48,32.2,5.9,12.7,1.8,4.5,4.1,8.2,2.6,3.1,0.8,3.8,3.6,1.0,0.5,1.7,1.8,16.1
227,Aaron Henry,SF,22,PHI,6,0,2.8,0.2,0.8,0.0,0.2,0.2,0.7,0.0,0.0,0.0,0.2,0.0,0.0,0.3,0.3,0.3,0.3
228,Juancho Hernangómez,PF,26,BOS,18,0,5.3,0.3,1.5,0.2,1.0,0.1,0.5,0.3,0.5,0.5,0.9,0.2,0.2,0.1,0.3,0.4,1.1
228,Juancho Hernangómez,PF,26,SAS,5,0,10.2,0.4,1.2,0.0,0.6,0.4,0.6,0.6,0.8,0.8,2.2,0.6,0.2,0.2,0.4,0.0,1.4
229,Willy Hernangómez,C,27,NOP,31,6,16.3,3.4,6.4,0.1,0.2,3.3,6.1,2.0,2.7,2.6,4.2,1.3,0.4,0.3,1.0,1.9,8.9
230,Tyler Herro,SG,22,MIA,46,10,32.7,7.4,17.3,2.5,6.7,4.9,10.6,2.7,3.1,0.6,4.2,3.9,0.6,0.2,2.8,1.5,20.0
231,Buddy Hield,SG,29,SAC,55,6,28.6,4.8,12.6,3.3,9.0,1.5,3.6,1.5,1.7,0.8,3.2,1.9,0.9,0.3,1.6,2.1,14.4
231,Buddy Hield,SG,29,IND,4,4,39.0,7.8,17.0,3.5,10.0,4.3,7.0,1.0,1.3,0.8,5.3,5.0,0.5,0.5,1.8,2.5,20.0
232,Haywood Highsmith,SF,25,MIA,5,0,11.4,1.2,2.8,1.2,2.4,0.0,0.4,0.0,0.0,0.4,1.0,0.0,0.0,0.2,0.0,1.0,3.6
233,George Hill,SG,35,MIL,41,16,25.5,2.5,5.7,0.9,2.9,1.6,2.9,1.2,1.2,0.9,2.4,2.5,0.8,0.1,0.9,1.4,7.0
234,Malcolm Hill,SF,26,CHI,13,0,11.5,1.4,3.1,0.8,2.2,0.6,0.9,0.5,0.8,0.7,1.3,0.2,0.2,0.2,0.2,1.1,4.1
235,Solomon Hill,PF,30,ATL,13,1,10.7,0.2,1.5,0.2,1.0,0.1,0.5,0.0,0.0,0.5,1.3,0.9,0.3,0.2,0.1,1.2,0.6
238,Aaron Holiday,PG,25,WAS,41,14,16.2,2.4,5.2,0.6,1.6,1.9,3.6,0.7,0.9,0.2,1.4,1.9,0.6,0.2,1.0,1.5,6.1
239,Jrue Holiday,PG,31,MIL,46,43,32.9,7.2,14.2,1.8,4.5,5.3,9.7,1.8,2.3,1.0,3.6,6.7,1.5,0.5,2.8,1.9,18.0
240,Justin Holiday,SF,32,IND,49,40,28.9,3.9,9.3,2.6,6.9,1.3,2.5,0.7,0.8,0.4,2.4,1.8,0.7,0.4,1.0,2.1,11.0
240,Justin Holiday,SG,32,SAC,4,4,32.3,3.8,10.8,2.8,7.3,1.0,3.5,0.5,0.5,1.0,1.0,2.3,0.8,1.0,1.5,2.3,10.8
241,Richaun Holmes,C,28,SAC,41,37,24.7,4.6,6.9,0.0,0.1,4.6,6.8,1.6,2.1,2.1,5.2,1.1,0.4,1.0,1.3,2.9,11.0
242,Rodney Hood,SF,29,MIL,39,0,14.9,1.2,3.4,0.6,2.1,0.6,1.3,0.3,0.4,0.3,1.4,0.8,0.3,0.1,0.2,0.7,3.3
244,Al Horford,C,35,BOS,51,51,28.3,3.8,8.5,1.2,4.0,2.6,4.5,1.3,1.5,1.5,6.0,3.4,0.6,1.3,1.0,1.8,10.1
245,Talen Horton-Tucker,SG,21,LAL,42,15,25.9,3.6,8.7,0.8,3.0,2.7,5.7,1.5,1.9,0.6,2.7,2.7,0.9,0.6,1.5,2.5,9.5
246,Danuel House Jr.,SF,28,HOU,16,1,14.6,1.6,4.6,0.6,2.1,0.9,2.5,1.1,1.2,0.3,2.4,1.2,0.3,0.3,1.1,1.0,4.8
246,Danuel House Jr.,SF,28,UTA,9,1,18.6,2.4,5.0,1.3,3.1,1.1,1.9,1.1,1.6,0.6,1.9,1.3,0.6,0.4,0.6,1.2,7.3
247,Dwight Howard,C,36,LAL,42,11,14.4,1.9,3.0,0.1,0.2,1.7,2.8,1.3,2.1,1.9,3.5,0.5,0.7,0.6,0.8,2.0,5.1
248,Markus Howard,SG,22,DEN,22,0,6.1,1.2,3.3,1.0,2.4,0.2,0.9,0.6,0.6,0.0,0.3,0.3,0.3,0.0,0.3,0.5,4.1
249,Kevin Huerter,SG,23,ATL,51,37,29.0,4.5,9.8,1.9,5.1,2.6,4.7,0.6,0.7,0.4,2.7,2.8,0.6,0.4,1.3,2.3,11.6
250,Jay Huff,C,23,LAL,4,0,5.0,0.0,0.8,0.0,0.5,0.0,0.3,0.0,0.0,0.3,0.8,0.3,0.3,0.3,0.3,0.3,0.0
251,Elijah Hughes,SF,23,UTA,14,1,8.0,1.1,2.6,0.7,2.0,0.4,0.6,0.2,0.2,0.1,1.1,0.4,0.3,0.1,0.5,0.5,3.1
252,De'Andre Hunter,SF,24,ATL,30,29,29.1,4.8,10.8,1.4,3.7,3.4,7.1,2.0,2.7,0.5,2.9,1.2,0.6,0.4,1.4,3.0,13.0
253,Chandler Hutchison,SF,25,PHO,6,0,3.7,0.2,0.3,0.0,0.0,0.2,0.3,0.3,0.3,0.0,0.8,0.3,0.0,0.0,0.7,0.2,0.7
254,Bones Hyland,PG,21,DEN,46,3,18.0,3.0,8.0,1.7,5.0,1.2,3.1,1.1,1.3,0.2,2.6,2.0,0.5,0.3,1.2,2.1,8.8
255,Serge Ibaka,C,32,LAC,35,10,15.4,2.7,5.5,0.7,1.8,2.0,3.7,0.6,0.8,1.1,3.1,1.0,0.2,0.7,0.9,1.6,6.6
256,Andre Iguodala,SF,38,GSW,26,0,19.9,1.5,3.9,0.5,2.3,1.0,1.6,0.5,0.6,0.7,2.6,3.8,0.8,0.8,0.9,1.0,4.1
257,Joe Ingles,SF,34,UTA,45,15,24.9,2.6,6.3,1.7,5.0,0.8,1.3,0.4,0.5,0.3,2.6,3.5,0.5,0.1,1.0,1.8,7.2
258,Brandon Ingram,SF,24,NOP,44,44,34.3,8.2,18.1,1.5,4.4,6.7,13.7,4.4,5.4,0.7,5.0,5.3,0.6,0.5,2.7,2.2,22.3
259,Kyrie Irving,PG,29,BRK,14,14,36.2,9.1,20.1,2.5,6.8,6.6,13.3,3.5,3.8,0.6,4.2,5.4,1.1,0.6,2.4,2.4,24.1
261,Frank Jackson,PG,23,DET,43,5,22.5,3.8,9.3,1.8,5.5,2.1,3.8,1.4,1.8,0.3,1.3,1.0,0.5,0.2,0.8,1.7,10.9
262,Isaiah Jackson,PF,20,IND,20,2,9.7,2.3,4.2,0.2,0.4,2.1,3.8,1.1,1.7,1.2,1.6,0.4,0.6,0.8,0.6,1.9,5.8
263,Jaren Jackson Jr.,PF,22,MEM,59,59,27.8,5.7,13.7,1.7,5.5,3.9,8.2,3.6,4.5,1.6,4.4,1.1,1.0,2.2,1.7,3.4,16.7
264,Josh Jackson,SF,24,DET,39,3,18.1,2.6,6.4,0.8,2.9,1.9,3.5,1.0,1.4,0.4,2.7,1.3,0.5,0.5,1.0,1.8,7.1
265,Justin Jackson,SF,26,PHO,6,0,5.8,0.8,2.3,0.5,1.5,0.3,0.8,0.0,0.0,0.2,1.0,0.3,0.0,0.0,0.2,0.5,2.2
266,Reggie Jackson,SG,31,LAC,56,56,30.9,6.3,16.0,2.3,7.0,4.0,9.0,1.7,2.1,0.5,3.0,4.4,0.7,0.2,2.2,2.0,16.6
267,LeBron James,SF,37,LAL,41,41,36.8,11.0,21.2,2.8,7.9,8.3,13.3,4.2,5.6,1.1,6.8,6.5,1.6,1.0,3.2,2.2,29.1
270,Ty Jerome,SG,24,OKC,48,4,16.7,2.6,6.8,1.1,3.9,1.5,3.0,0.8,1.0,0.4,1.2,2.3,0.6,0.1,0.8,1.5,7.1
271,Isaiah Joe,SG,22,PHI,41,1,12.2,1.2,3.5,0.9,2.7,0.3,0.8,0.5,0.5,0.1,1.0,0.7,0.3,0.0,0.4,0.9,3.8
272,Alize Johnson,PF,25,CHI,16,0,7.6,0.8,1.4,0.0,0.1,0.8,1.3,0.3,0.4,1.0,1.3,0.5,0.2,0.0,0.5,0.9,1.8
273,B.J. Johnson,SF,26,ORL,4,0,16.3,2.8,6.3,1.0,2.5,1.8,3.8,0.0,0.0,1.5,2.3,0.0,0.0,0.3,0.0,1.0,6.5
274,Cameron Johnson,PF,25,PHO,55,10,26.0,4.1,8.9,2.5,5.7,1.7,3.2,1.2,1.4,0.6,3.6,1.3,0.9,0.2,0.6,1.7,11.9
276,Jalen Johnson,PF,20,ATL,14,0,4.6,0.6,1.4,0.2,0.6,0.4,0.9,0.3,0.4,0.0,1.1,0.1,0.0,0.1,0.2,0.2,1.8
277,James Johnson,PF,34,BRK,43,6,19.3,2.6,5.3,0.3,1.3,2.3,4.0,0.4,0.9,1.0,2.6,2.0,0.5,0.3,0.8,2.5,5.9
279,Keldon Johnson,SF,22,SAS,55,54,31.3,5.8,12.5,1.9,4.5,3.9,8.0,2.1,2.8,1.1,4.9,1.8,0.8,0.1,1.3,1.9,15.7
280,Keon Johnson,SG,19,LAC,15,0,9.0,1.1,3.4,0.2,0.7,0.9,2.7,1.1,1.4,0.4,1.0,0.9,0.5,0.1,0.5,1.4,3.5
281,Stanley Johnson,PF,25,LAL,24,14,22.0,2.5,5.1,0.7,2.1,1.8,3.0,0.9,1.3,0.7,2.5,1.4,0.7,0.4,0.5,2.8,6.5
283,Nikola Joki?,C,26,DEN,52,52,33.0,9.9,17.4,1.6,4.3,8.3,13.1,4.5,5.6,2.8,11.0,7.9,1.3,0.8,3.8,2.5,26.0
285,Damian Jones,C,26,SAC,37,5,15.2,2.4,3.8,0.1,0.4,2.3,3.4,1.3,1.8,1.4,2.5,1.1,0.3,0.6,1.0,2.1,6.3
286,Derrick Jones Jr.,PF,24,CHI,34,8,17.5,2.2,4.1,0.5,1.2,1.8,2.9,1.2,1.4,1.3,2.1,0.6,0.5,0.7,0.5,2.4,6.1
287,Herbert Jones,PF,23,NOP,55,46,29.9,3.6,7.2,0.7,1.9,2.9,5.3,1.7,1.9,1.3,2.6,2.1,1.5,0.9,1.2,3.1,9.6
289,Kai Jones,C,21,CHO,17,0,2.8,0.4,0.6,0.1,0.1,0.4,0.5,0.1,0.2,0.1,0.4,0.2,0.0,0.0,0.3,0.3,0.9
291,Tre Jones,PG,22,SAS,46,4,13.5,2.0,4.0,0.1,0.4,1.9,3.5,0.8,0.9,0.4,1.5,2.4,0.4,0.0,0.5,0.9,4.8
292,Tyus Jones,PG,25,MEM,53,14,20.7,3.2,7.0,0.9,2.5,2.3,4.5,0.7,0.8,0.2,2.2,4.2,0.9,0.0,0.7,0.4,8.1
293,DeAndre Jordan,C,33,LAL,31,19,12.9,1.9,2.8,0.0,0.0,1.9,2.8,0.4,0.8,1.6,3.9,0.4,0.3,0.8,0.6,1.6,4.2
294,Cory Joseph,PG,30,DET,47,21,24.4,2.8,6.2,1.0,2.4,1.8,3.9,1.4,1.7,0.4,2.1,3.9,0.7,0.3,1.4,2.2,8.1
295,Georgios Kalaitzakis,SF,23,MIL,9,0,5.3,0.6,1.2,0.2,0.4,0.3,0.8,0.4,1.0,0.4,0.4,0.0,0.1,0.1,0.4,0.9,1.8
296,Frank Kaminsky,C,28,PHO,9,0,20.1,4.0,7.3,0.6,1.7,3.4,5.7,2.0,2.2,1.2,3.3,1.4,0.9,0.8,0.6,1.6,10.6
297,Luke Kennard,SG,25,LAC,49,10,27.9,4.0,9.1,2.6,6.1,1.4,3.0,0.9,1.0,0.2,3.3,2.2,0.6,0.1,0.8,1.6,11.6
299,George King,SF,28,DAL,4,0,4.8,0.0,1.3,0.0,1.0,0.0,0.3,0.3,0.5,0.0,1.3,0.0,0.0,0.0,0.3,1.0,0.3
300,Louis King,SF,22,SAC,10,0,10.4,1.5,4.7,0.8,2.7,0.7,2.0,0.7,1.0,0.0,1.2,0.9,0.2,0.1,0.0,1.4,4.5
301,Corey Kispert,SF,22,WAS,52,11,19.6,2.4,5.7,1.0,3.3,1.4,2.4,0.7,0.8,0.7,1.9,0.9,0.3,0.3,0.6,0.9,6.6
302,Maxi Kleber,PF,30,DAL,41,20,25.3,2.6,6.1,1.7,4.5,0.9,1.6,0.8,1.1,1.2,4.8,1.1,0.5,1.0,0.7,2.3,7.7
304,Nathan Knight,PF,24,MIN,28,2,6.9,1.0,2.0,0.1,0.3,0.9,1.7,1.1,1.6,0.8,1.3,0.5,0.1,0.3,0.4,1.0,3.1
305,Kevin Knox,SF,22,NYK,13,0,8.5,1.2,3.1,0.8,2.2,0.4,0.9,0.5,0.8,0.6,1.1,0.2,0.2,0.1,0.4,0.4,3.6
305,Kevin Knox,SF,22,ATL,8,0,7.1,0.8,2.6,0.1,1.4,0.6,1.3,0.4,0.5,0.4,1.3,0.6,0.1,0.0,0.3,0.8,2.0
306,John Konchar,SG,25,MEM,52,6,18.6,1.8,3.6,0.8,1.8,1.0,1.8,0.4,0.7,1.1,3.3,1.4,0.7,0.3,0.4,1.3,4.8
307,Furkan Korkmaz,SG,24,PHI,50,18,23.9,3.2,8.1,1.3,4.5,1.9,3.6,1.2,1.4,0.3,2.6,2.3,0.6,0.1,0.8,1.0,8.8
309,Vit Krejci,SG,21,OKC,6,0,5.2,0.3,1.0,0.0,0.7,0.3,0.3,0.3,0.3,0.0,0.8,0.3,0.0,0.0,0.3,0.3,1.0
311,Jonathan Kuminga,SF,19,GSW,47,7,14.5,2.9,5.7,0.6,1.9,2.3,3.9,1.5,2.3,0.6,2.2,0.7,0.4,0.2,0.9,1.9,8.0
312,Kyle Kuzma,PF,26,WAS,54,54,33.2,6.2,13.6,1.9,5.6,4.3,8.1,2.3,3.2,1.1,7.7,3.1,0.6,0.9,2.3,1.8,16.5
314,Jeremy Lamb,SF,29,IND,39,0,15.7,2.2,5.8,1.0,3.0,1.2,2.8,1.7,2.1,0.4,2.0,1.3,0.6,0.4,0.6,1.1,7.1
315,Jock Landale,C,26,SAS,36,1,10.2,1.8,3.6,0.6,1.6,1.2,2.0,0.6,0.7,1.1,1.1,0.9,0.2,0.3,0.6,0.9,4.6
316,Romeo Langford,SG,22,BOS,44,5,16.5,1.8,4.2,0.7,1.9,1.1,2.3,0.5,0.8,0.7,1.7,0.4,0.5,0.4,0.4,1.0,4.7
317,Zach LaVine,SF,26,CHI,47,47,34.6,8.7,18.1,2.9,7.2,5.9,11.0,4.2,4.9,0.3,4.6,4.5,0.6,0.4,2.7,1.7,24.6
318,Jake Layman,SF,27,MIN,23,1,7.3,0.8,2.1,0.2,1.1,0.6,1.0,0.3,0.3,0.2,0.9,0.3,0.3,0.2,0.3,0.4,2.0
319,Damion Lee,SG,29,GSW,47,3,20.3,2.9,6.4,1.2,3.3,1.7,3.1,0.9,1.0,0.4,2.7,0.9,0.7,0.1,0.6,1.4,7.8
320,Saben Lee,PG,22,DET,28,0,14.5,1.6,4.4,0.4,1.6,1.2,2.8,1.2,1.5,0.4,2.0,2.3,0.9,0.4,0.9,0.9,4.9
321,Alex Len,C,28,SAC,33,9,16.9,2.5,4.7,0.2,0.6,2.3,4.1,1.1,1.7,1.5,3.2,1.2,0.4,0.8,1.2,2.7,6.2
322,Caris LeVert,SG,27,IND,39,39,31.1,7.1,15.9,1.6,4.8,5.6,11.1,2.8,3.7,0.8,3.1,4.4,0.9,0.5,1.9,2.3,18.7
322,Caris LeVert,SG,27,CLE,4,1,31.0,5.8,14.5,1.0,3.5,4.8,11.0,0.8,1.0,0.3,1.3,3.8,1.5,0.3,1.5,1.8,13.3
323,Kira Lewis Jr.,PG,20,NOP,24,0,14.2,2.5,6.1,0.5,2.4,1.9,3.7,0.4,0.5,0.4,1.3,2.0,0.5,0.0,1.1,0.7,5.9
325,Damian Lillard,PG,31,POR,29,29,36.4,7.7,19.0,3.2,9.8,4.5,9.2,5.5,6.2,0.4,3.7,7.3,0.6,0.4,2.9,1.3,24.0
326,Nassir Little,SF,21,POR,42,23,25.9,3.5,7.5,1.2,3.7,2.2,3.8,1.6,2.2,1.4,4.2,1.3,0.6,0.9,1.0,2.0,9.8
328,Kevon Looney,C,25,GSW,59,59,21.4,2.6,4.8,0.0,0.0,2.6,4.7,1.1,1.7,2.7,4.8,1.7,0.6,0.7,0.9,2.7,6.3
330,Robin Lopez,C,33,ORL,27,9,17.3,3.4,6.0,0.1,0.2,3.3,5.8,0.9,1.5,2.0,1.6,1.6,0.0,0.6,1.3,1.9,7.7
332,Kevin Love,PF,33,CLE,50,2,22.3,4.5,10.7,2.5,6.4,2.0,4.2,2.7,3.2,1.2,6.2,2.1,0.3,0.2,1.3,1.2,14.3
333,Kyle Lowry,PG,35,MIA,45,45,34.0,4.3,10.3,2.1,6.0,2.2,4.3,2.3,2.7,0.6,3.9,8.0,1.2,0.3,3.0,2.8,13.0
334,Timothé Luwawu-Cabarrot,SF,26,ATL,36,12,12.6,1.4,3.6,0.9,2.4,0.5,1.2,0.5,0.6,0.3,1.1,0.7,0.4,0.1,0.4,1.3,4.1
335,Trey Lyles,PF,26,DET,51,3,19.4,3.4,7.5,0.9,2.9,2.6,4.7,2.7,3.5,1.2,3.6,1.1,0.4,0.5,1.1,1.8,10.4
336,Théo Maledon,PG,20,OKC,31,0,14.2,1.3,4.2,0.5,2.1,0.8,2.1,1.2,1.4,0.3,1.4,1.2,0.5,0.2,0.9,1.1,4.3
337,Sandro Mamukelashvili,PF,22,MIL,33,2,9.5,1.2,2.6,0.5,1.2,0.7,1.4,0.3,0.4,0.8,0.9,0.5,0.2,0.2,0.3,0.6,3.1
338,Terance Mann,SF,25,LAC,59,23,28.9,4.0,8.4,1.0,2.7,3.1,5.7,1.3,1.8,1.3,3.9,2.4,0.7,0.1,1.0,2.2,10.4
339,Tre Mann,PG,20,OKC,45,13,20.0,3.2,8.3,1.4,3.8,1.8,4.5,0.9,1.2,0.3,1.9,1.0,0.7,0.2,0.8,1.7,8.7
340,Boban Marjanovi?,C,33,DAL,17,0,5.8,2.1,3.4,0.1,0.2,2.1,3.2,0.5,0.9,0.4,1.4,0.1,0.0,0.1,0.6,1.2,4.8
341,Lauri Markkanen,PF,24,CLE,38,38,30.2,4.9,11.3,2.0,5.9,2.9,5.4,1.7,1.9,1.1,4.2,1.5,0.8,0.6,0.8,1.8,13.6
342,Naji Marshall,SF,24,NOP,32,0,9.6,1.3,3.4,0.3,1.5,0.9,1.9,0.9,1.1,0.5,1.6,0.8,0.4,0.1,0.8,0.9,3.8
343,Caleb Martin,SF,26,MIA,44,10,22.9,3.7,7.2,1.0,2.6,2.7,4.6,1.2,1.6,1.3,2.7,1.0,1.0,0.5,0.8,1.6,9.5
344,Cody Martin,SF,26,CHO,49,11,27.2,2.9,6.5,1.0,2.4,2.0,4.1,1.1,1.7,1.2,3.0,2.6,1.3,0.5,0.9,1.7,8.0
345,Kelan Martin,SF,26,IND,27,1,16.4,2.6,6.2,0.8,2.7,1.8,3.5,0.3,0.5,0.6,1.4,0.8,0.5,0.3,0.5,1.3,6.3
346,Kenyon Martin Jr.,SF,21,HOU,54,0,19.9,3.5,6.5,0.6,1.8,2.9,4.7,1.1,1.6,1.2,2.8,1.3,0.4,0.5,0.8,1.3,8.5
347,Garrison Mathews,SG,25,HOU,40,18,27.3,3.3,7.9,2.4,6.5,0.8,1.4,2.6,3.2,0.6,2.8,1.0,0.7,0.4,0.7,2.9,11.5
348,Dakota Mathias,SG,26,MEM,6,0,2.7,0.3,1.0,0.3,1.0,0.0,0.0,0.0,0.0,0.0,0.3,0.2,0.2,0.0,0.0,0.2,1.0
349,Wesley Matthews,SG,35,MIL,29,6,19.2,1.8,4.5,1.1,3.2,0.7,1.2,0.2,0.3,0.5,1.3,0.7,0.4,0.2,0.4,1.9,5.0
350,Tyrese Maxey,PG,21,PHI,50,49,35.5,6.3,13.4,1.4,3.5,4.9,9.9,2.8,3.2,0.4,3.2,4.6,0.7,0.5,1.2,2.1,16.9
351,Skylar Mays,SG,24,ATL,23,5,9.0,1.3,2.7,0.3,1.1,1.0,1.6,0.3,0.4,0.2,0.9,0.7,0.3,0.0,0.4,0.3,3.4
352,Miles McBride,PG,21,NYK,21,2,7.2,0.7,2.8,0.2,1.5,0.5,1.3,0.1,0.2,0.1,0.7,1.1,0.4,0.0,0.1,0.7,1.8
354,CJ McCollum,SG,30,POR,36,36,35.2,8.1,18.5,3.1,8.0,5.0,10.4,1.3,1.9,0.9,3.3,4.5,1.0,0.6,1.9,2.1,20.5
354,CJ McCollum,SG,30,NOP,4,4,35.8,10.5,20.8,2.5,7.5,8.0,13.3,2.5,3.0,1.3,5.8,5.5,1.3,0.0,2.0,1.5,26.0
355,T.J. McConnell,PG,29,IND,24,6,24.2,3.8,7.5,0.3,1.0,3.5,6.5,0.5,0.6,0.8,2.5,4.8,1.0,0.4,1.2,1.8,8.4
356,Jaden McDaniels,PF,21,MIN,56,24,26.3,3.5,7.9,1.1,3.6,2.5,4.4,0.8,1.0,1.2,3.1,1.2,0.8,0.7,1.1,3.2,8.9
357,Jalen McDaniels,SF,24,CHO,39,2,17.6,2.5,5.1,0.8,2.2,1.7,2.8,0.8,1.2,0.7,2.7,1.1,0.5,0.4,0.8,1.8,6.6
358,Doug McDermott,PF,30,SAS,43,43,24.5,4.5,9.5,2.3,5.3,2.2,4.3,0.6,0.8,0.4,2.1,1.2,0.3,0.1,0.8,1.6,11.9
359,JaVale McGee,C,34,PHO,52,14,16.1,4.3,6.5,0.0,0.1,4.2,6.4,1.4,2.0,2.3,4.6,0.6,0.3,1.0,1.4,2.5,9.9
361,Rodney McGruder,SG,30,DET,33,1,13.5,1.7,3.7,0.9,2.2,0.8,1.5,0.3,0.4,0.5,1.4,0.8,0.4,0.1,0.4,1.0,4.5
362,Alfonzo McKinnie,SF,29,CHI,17,3,12.1,1.4,3.6,0.5,1.6,0.9,2.0,0.1,0.5,0.8,1.2,0.3,0.1,0.2,0.4,1.5,3.5
363,JaQuori McLaughlin,PG,24,DAL,4,0,2.8,0.0,0.5,0.0,0.3,0.0,0.3,0.0,0.0,0.0,0.0,0.5,0.0,0.0,0.0,0.3,0.0
364,Jordan McLaughlin,PG,25,MIN,41,3,12.5,1.1,3.0,0.2,1.1,0.9,1.8,0.6,0.8,0.2,1.1,2.8,0.7,0.1,0.5,0.6,3.0
365,Ben McLemore,SG,28,POR,42,6,18.8,3.1,7.7,2.3,6.1,0.8,1.6,0.7,0.9,0.3,1.3,0.9,0.4,0.1,0.6,1.4,9.1
366,De'Anthony Melton,SG,23,MEM,51,13,22.7,3.6,9.3,1.6,4.7,2.0,4.6,1.1,1.6,1.0,3.5,2.7,1.6,0.5,1.4,1.7,9.9
367,Sam Merrill,SG,25,MEM,6,0,9.7,1.3,4.0,1.2,3.8,0.2,0.2,0.3,0.7,0.2,1.0,0.7,0.0,0.0,0.3,0.5,4.2
368,Chimezie Metu,C,24,SAC,42,20,22.2,3.4,7.8,1.0,3.4,2.5,4.4,1.2,1.6,0.7,5.2,1.1,0.8,0.6,1.0,1.4,9.0
369,Khris Middleton,SF,30,MIL,47,47,32.0,6.6,14.9,2.3,6.3,4.3,8.7,4.0,4.5,0.6,4.9,5.3,1.2,0.3,3.0,2.5,19.4
371,Patty Mills,PG,33,BRK,57,40,31.1,4.7,11.1,3.2,7.7,1.5,3.4,0.7,0.8,0.2,1.9,2.6,0.7,0.3,1.0,1.5,13.2
372,Paul Millsap,PF,36,BRK,24,0,11.3,1.3,3.5,0.3,1.1,1.1,2.4,0.5,0.7,1.2,2.5,1.0,0.2,0.5,0.5,2.0,3.4
373,Shake Milton,PG,25,PHI,30,6,24.7,3.8,9.3,0.8,2.8,3.0,6.5,1.6,1.8,0.6,2.5,2.9,0.7,0.4,1.2,2.1,10.1
374,Davion Mitchell,PG,23,SAC,53,8,26.0,4.3,10.5,1.4,4.3,2.8,6.2,0.5,0.8,0.6,1.8,3.5,0.7,0.3,1.2,1.9,10.4
375,Donovan Mitchell,SG,25,UTA,46,46,33.4,9.3,20.3,3.3,9.5,5.9,10.8,3.9,4.5,0.9,3.3,5.2,1.6,0.3,2.9,2.4,25.7
376,Evan Mobley,PF,20,CLE,50,50,34.1,6.0,12.0,0.4,1.4,5.7,10.6,2.4,3.6,1.9,6.2,2.6,0.8,1.6,2.0,2.0,14.9
377,Malik Monk,SG,23,LAL,52,19,27.1,4.8,10.1,2.3,5.6,2.5,4.5,1.2,1.5,0.4,2.9,2.4,0.7,0.4,1.4,1.7,13.0
378,Greg Monroe,C,31,MIL,5,0,14.0,2.2,4.4,0.0,0.0,2.2,4.4,1.0,1.8,2.2,2.0,0.4,0.6,0.4,0.6,1.4,5.4
379,Moses Moody,SG,19,GSW,34,4,9.5,1.1,3.0,0.6,1.8,0.6,1.1,0.4,0.5,0.2,1.1,0.3,0.1,0.2,0.2,0.7,3.2
380,Xavier Moon,SG,27,LAC,6,0,13.8,2.3,5.7,0.5,1.7,1.8,4.0,0.3,0.5,0.2,1.3,1.7,0.8,0.2,0.5,0.7,5.5
382,Ja Morant,PG,22,MEM,46,46,33.2,10.0,20.2,1.5,4.5,8.5,15.7,5.3,7.0,1.3,4.5,6.9,1.2,0.4,3.4,1.5,26.8
385,Marcus Morris,PF,32,LAC,35,35,30.1,5.9,13.4,2.1,5.4,3.8,8.1,2.1,2.5,0.6,4.2,2.1,0.5,0.3,1.2,2.3,15.9
386,Markieff Morris,PF,32,MIA,10,0,18.7,3.2,7.0,0.8,2.2,2.4,4.8,0.5,0.5,1.3,1.5,1.4,0.3,0.1,1.2,2.2,7.7
387,Monte Morris,PG,26,DEN,52,51,30.0,5.1,10.7,1.6,4.3,3.5,6.4,0.9,1.0,0.4,2.6,4.3,0.7,0.2,1.0,1.2,12.7
389,Mychal Mulder,PG,27,ORL,15,2,13.0,1.3,4.5,0.9,3.1,0.5,1.4,0.1,0.1,0.1,1.3,0.2,0.3,0.1,0.5,0.8,3.7
391,Trey Murphy III,SF,21,NOP,41,0,12.7,1.2,3.6,0.9,2.6,0.3,1.0,0.6,0.7,0.7,1.5,0.5,0.3,0.1,0.3,1.0,3.9
392,Dejounte Murray,PG,25,SAS,52,52,34.4,8.2,17.9,1.3,4.0,6.9,13.9,2.2,2.9,1.3,7.0,9.3,2.0,0.3,2.4,2.0,19.9
393,Mike Muscala,C,30,OKC,43,0,13.8,2.6,5.8,1.6,3.8,1.0,2.0,1.1,1.3,0.5,2.5,0.5,0.4,0.6,0.3,1.3,8.0
394,Svi Mykhailiuk,SF,24,TOR,43,5,15.2,1.9,4.8,0.8,2.7,1.1,2.1,0.6,0.7,0.5,1.6,0.9,0.6,0.1,0.7,1.1,5.3
395,Abdel Nader,SF,28,PHO,14,0,10.4,0.9,2.5,0.3,1.0,0.6,1.5,0.4,0.7,0.3,1.6,0.5,0.6,0.3,0.8,1.4,2.4
396,Larry Nance Jr.,PF,29,POR,37,11,23.2,2.8,5.4,0.5,1.7,2.2,3.7,0.9,1.3,1.6,4.1,2.0,1.0,0.4,0.7,1.8,6.9
397,RJ Nembhard Jr.,SG,22,CLE,7,0,6.3,0.7,1.6,0.0,0.1,0.7,1.4,0.1,0.3,0.0,0.3,1.4,0.0,0.0,0.3,0.3,1.6
398,Aaron Nesmith,SF,22,BOS,41,1,10.8,1.3,3.5,0.5,2.2,0.8,1.3,0.4,0.5,0.3,1.4,0.3,0.3,0.1,0.6,1.3,3.5
399,Raul Neto,PG,29,WAS,48,4,20.3,3.0,6.6,0.4,1.9,2.5,4.8,1.3,1.7,0.2,1.8,2.8,0.8,0.0,1.3,1.6,7.7
401,Georges Niang,PF,28,PHI,53,5,23.1,3.3,7.6,1.9,4.8,1.4,2.8,0.8,0.9,0.4,2.3,1.5,0.4,0.2,0.8,2.6,9.3
402,Daishen Nix,SG,19,HOU,8,0,8.4,1.6,2.5,0.4,0.9,1.3,1.6,0.1,0.4,0.1,1.1,1.3,0.9,0.0,1.1,0.4,3.8
403,Zeke Nnaji,PF,21,DEN,39,1,16.7,2.4,4.5,0.9,1.9,1.5,2.6,1.0,1.6,1.4,2.3,0.4,0.3,0.3,0.5,1.9,6.8
404,Nerlens Noel,C,27,NYK,25,11,22.5,1.3,2.4,0.0,0.1,1.3,2.3,0.8,1.2,1.9,3.7,0.9,1.2,1.2,0.8,2.7,3.4
405,Jaylen Nowell,SG,22,MIN,42,1,14.6,3.0,6.3,0.9,2.3,2.1,4.0,1.0,1.3,0.4,1.6,2.1,0.5,0.1,0.5,1.1,7.7
406,Frank Ntilikina,PG,23,DAL,47,5,12.5,1.5,4.0,0.7,2.1,0.8,1.9,0.5,0.5,0.1,1.2,1.1,0.5,0.1,0.6,1.1,4.3
407,Jusuf Nurki?,C,27,POR,56,56,28.2,5.7,10.7,0.3,1.0,5.5,9.7,3.3,4.8,3.0,8.1,2.8,1.1,0.6,2.6,3.4,15.0
408,David Nwaba,SF,29,HOU,37,4,13.6,1.9,4.0,0.3,1.0,1.6,3.0,1.1,1.5,0.9,2.8,0.8,0.6,0.5,0.5,1.2,5.2
409,Jordan Nwora,SF,23,MIL,45,9,19.3,3.2,7.8,1.4,3.9,1.8,3.9,0.4,0.5,0.7,3.0,1.0,0.5,0.3,1.0,1.2,8.1
410,Royce O'Neale,SF,28,UTA,54,54,31.4,2.7,5.6,1.5,3.7,1.2,1.8,0.6,0.8,0.8,4.2,2.5,1.3,0.5,0.9,2.4,7.6
411,Semi Ojeleye,PF,27,MIL,20,0,15.4,0.9,3.5,0.6,2.1,0.4,1.5,0.5,0.7,1.3,1.7,0.3,0.3,0.3,0.3,1.3,2.9
412,Chuma Okeke,PF,23,ORL,49,10,23.9,3.0,7.9,1.5,4.8,1.5,3.1,0.7,0.9,0.7,4.0,1.6,1.4,0.6,0.8,1.3,8.2
413,Josh Okogie,SG,23,MIN,33,6,12.4,0.8,2.3,0.3,1.1,0.5,1.2,0.7,1.1,0.8,1.1,0.5,0.5,0.3,0.5,1.2,2.6
414,Onyeka Okongwu,C,21,ATL,26,6,21.5,3.5,4.9,0.0,0.0,3.5,4.9,1.6,2.2,2.2,3.3,1.1,0.7,1.4,1.2,3.2,8.7
415,Isaac Okoro,SF,21,CLE,43,37,28.8,3.2,6.8,0.8,2.7,2.3,4.2,1.8,2.3,1.0,2.1,1.9,0.8,0.3,1.0,2.6,9.0
416,KZ Okpala,PF,22,MIA,21,0,11.6,1.4,3.3,0.4,1.2,1.0,2.0,0.4,0.5,0.5,1.4,0.7,0.2,0.3,0.2,1.2,3.7
418,Kelly Olynyk,C,30,DET,21,1,20.0,3.5,8.6,1.0,3.5,2.4,5.1,1.7,2.4,1.6,3.3,2.8,0.9,0.5,1.7,2.4,9.7
419,Eugene Omoruyi,SF,24,DAL,4,0,4.5,0.5,1.3,0.3,0.5,0.3,0.8,0.5,1.0,0.5,1.3,0.5,0.0,0.0,0.0,0.5,1.8
420,Miye Oni,SG,24,UTA,16,0,2.8,0.1,0.6,0.1,0.5,0.1,0.1,0.0,0.1,0.1,0.4,0.3,0.0,0.0,0.1,0.4,0.3
421,Cedi Osman,SF,26,CLE,46,3,23.0,3.8,9.1,2.0,5.7,1.8,3.4,1.2,1.9,0.4,1.9,2.0,0.9,0.2,0.9,1.9,10.8
423,Kelly Oubre Jr.,SF,26,CHO,53,13,28.3,5.9,13.5,2.7,7.9,3.2,5.6,1.8,2.5,1.2,3.0,1.2,1.2,0.4,1.0,2.6,16.2
426,Kevin Pangos,PG,29,CLE,24,3,6.9,0.6,1.9,0.3,1.1,0.4,0.8,0.1,0.2,0.1,0.4,1.3,0.1,0.0,0.3,0.5,1.6
427,Jabari Parker,PF,26,BOS,12,0,9.3,1.5,3.2,0.7,1.3,0.8,1.8,0.8,0.8,0.4,1.9,0.5,0.3,0.1,0.7,1.1,4.4
428,Eric Paschall,PF,25,UTA,44,1,13.3,2.0,4.1,0.8,2.0,1.2,2.0,1.1,1.5,0.6,1.5,0.6,0.2,0.1,0.6,1.0,5.9
429,Chris Paul,PG,36,PHO,58,58,33.0,5.6,11.5,1.0,3.1,4.6,8.4,2.7,3.2,0.3,4.2,10.7,1.9,0.3,2.4,2.0,14.9
430,Cameron Payne,PG,27,PHO,40,0,20.4,4.0,9.8,1.1,3.4,2.8,6.4,1.4,1.7,0.4,2.4,3.6,0.6,0.3,1.8,1.9,10.5
431,Elfrid Payton,PG,27,PHO,38,0,11.7,1.5,3.7,0.1,0.4,1.4,3.4,0.3,0.7,0.5,1.5,2.2,0.5,0.1,1.0,0.9,3.3
432,Gary Payton II,PG,29,GSW,56,10,16.6,2.8,4.6,0.6,1.7,2.2,2.9,0.5,0.9,1.0,2.5,0.8,1.4,0.3,0.5,1.6,6.8
435,Jamorko Pickett,PF,24,DET,6,0,7.8,0.2,1.7,0.2,1.2,0.0,0.5,0.0,0.0,0.3,1.2,0.2,0.0,0.2,0.5,0.5,0.5
436,Theo Pinson,SF,26,DAL,16,0,7.5,0.6,2.0,0.4,1.6,0.2,0.4,0.3,0.3,0.1,1.1,0.8,0.3,0.1,0.1,0.6,1.8
437,Mason Plumlee,C,31,CHO,50,50,25.7,3.0,4.7,0.0,0.0,3.0,4.7,0.8,2.3,2.6,5.5,3.1,0.9,0.6,1.4,3.1,6.8
438,Jakob Poeltl,C,26,SAS,49,48,28.9,5.9,9.6,0.0,0.0,5.9,9.6,1.2,2.7,3.9,5.3,2.8,0.7,1.8,1.6,3.0,13.1
439,Aleksej Pokusevski,PF,20,OKC,42,2,16.6,2.3,5.9,0.7,2.6,1.5,3.2,0.2,0.4,1.0,3.4,1.2,0.5,0.6,1.2,1.2,5.5
440,Yves Pons,SF,22,MEM,7,0,3.1,0.1,0.4,0.1,0.1,0.0,0.3,0.0,0.3,0.3,0.4,0.0,0.0,0.0,0.0,0.3,0.4
441,Jordan Poole,SG,22,GSW,53,35,28.8,5.6,12.7,2.3,6.9,3.2,5.8,2.9,3.1,0.5,2.7,3.5,0.8,0.3,2.3,2.6,16.4
442,Kevin Porter Jr.,PG,21,HOU,39,39,30.1,4.7,11.8,2.3,6.0,2.4,5.8,2.0,3.3,0.7,3.2,6.2,1.2,0.3,3.5,2.5,13.7
443,Michael Porter Jr.,SF,23,DEN,9,9,29.4,4.1,11.4,1.1,5.3,3.0,6.1,0.6,1.0,1.0,5.6,1.9,1.1,0.2,1.3,1.8,9.9
444,Otto Porter Jr.,PF,28,GSW,48,13,21.5,3.2,6.7,1.5,3.7,1.7,3.0,0.6,0.8,1.1,4.2,1.5,1.1,0.5,0.5,1.4,8.4
445,Bobby Portis,C,26,MIL,50,45,28.8,6.0,12.5,1.9,4.7,4.1,7.8,1.3,1.8,2.6,6.6,1.3,0.8,0.8,1.5,2.6,15.3
446,Kristaps Porzi??is,PF,26,DAL,34,34,29.5,6.7,14.9,1.4,5.1,5.3,9.9,4.3,5.0,1.9,5.8,2.0,0.7,1.7,1.6,2.6,19.2
448,Dwight Powell,C,30,DAL,58,47,20.5,2.8,4.3,0.2,0.5,2.6,3.7,1.6,2.2,2.0,2.4,1.1,0.5,0.4,0.8,2.5,7.3
449,Myles Powell,PG,24,PHI,11,0,4.7,0.5,1.5,0.1,0.5,0.4,1.0,0.2,0.2,0.1,0.5,0.3,0.1,0.0,0.3,0.7,1.2
450,Norman Powell,SF,28,POR,40,39,33.3,6.2,13.6,2.3,5.7,3.9,7.8,4.0,5.0,0.4,2.9,2.1,1.0,0.4,1.6,2.3,18.7
451,Joshua Primo,SG,19,SAS,30,4,15.9,1.7,4.7,0.8,2.5,0.9,2.2,0.6,0.8,0.6,1.1,1.4,0.4,0.5,0.9,1.2,4.9
452,Taurean Prince,PF,27,MIN,47,8,15.3,2.0,4.5,1.1,2.7,1.0,1.8,0.6,0.8,0.4,2.0,0.9,0.6,0.3,0.7,1.4,5.7
453,Payton Pritchard,SG,24,BOS,49,2,12.3,1.7,4.5,1.0,2.7,0.7,1.8,0.3,0.3,0.3,1.3,1.7,0.2,0.1,0.7,0.9,4.7
454,Trevelin Queen,SG,24,HOU,8,0,8.6,1.6,3.6,1.0,2.8,0.6,0.9,0.4,0.4,0.6,1.1,0.4,0.6,0.0,0.9,0.8,4.6
455,Neemias Queta,C,22,SAC,10,0,5.6,0.9,2.3,0.0,0.0,0.9,2.3,0.3,0.5,1.1,0.8,0.4,0.1,0.4,0.4,1.1,2.1
456,Immanuel Quickley,PG,22,NYK,55,2,21.3,3.1,8.5,1.6,4.9,1.5,3.6,1.5,1.7,0.4,1.9,3.0,0.6,0.1,1.3,2.2,9.4
457,Jahmi'us Ramsey,SG,20,SAC,19,0,7.1,1.3,3.1,0.3,0.9,1.0,2.1,0.4,0.7,0.2,0.5,0.4,0.1,0.1,0.3,0.5,3.2
458,Julius Randle,PF,27,NYK,57,57,35.7,7.1,16.9,1.6,5.3,5.5,11.6,3.9,5.2,1.8,8.4,5.2,0.8,0.6,3.5,2.8,19.8
459,Austin Reaves,SG,23,LAL,39,0,21.3,2.1,4.3,0.8,2.4,1.3,1.9,1.2,1.4,0.6,2.1,1.3,0.3,0.3,0.5,1.4,6.2
460,Cam Reddish,SF,22,ATL,34,7,23.4,4.1,10.1,1.7,4.5,2.4,5.6,2.1,2.4,0.6,1.9,1.1,1.0,0.3,1.3,1.3,11.9
460,Cam Reddish,SF,22,NYK,9,0,11.6,1.2,3.8,0.3,1.8,0.9,2.0,2.2,2.3,0.1,0.8,0.4,0.8,0.2,0.7,0.4,5.0
461,Davon Reed,SG,26,DEN,29,3,13.8,1.6,3.3,0.8,1.8,0.8,1.4,0.1,0.2,0.3,2.2,1.0,0.6,0.1,0.3,1.4,4.0
462,Paul Reed,C,22,PHI,24,2,9.5,1.1,2.5,0.0,0.2,1.1,2.3,0.2,0.4,1.3,1.4,0.4,0.8,0.5,0.3,1.5,2.4
463,Naz Reid,C,22,MIN,56,5,15.9,2.9,6.3,0.8,2.1,2.2,4.1,1.5,2.0,1.4,2.5,0.9,0.4,1.0,1.0,2.1,8.1
464,Nick Richards,C,24,CHO,41,5,8.4,1.3,2.0,0.0,0.0,1.3,2.0,0.7,1.0,0.7,1.2,0.3,0.2,0.5,0.5,1.2,3.4
465,Josh Richardson,SG,28,BOS,44,0,24.7,3.5,7.8,1.4,3.5,2.0,4.3,1.4,1.6,0.6,2.3,1.5,0.8,0.5,0.9,1.9,9.7
466,Austin Rivers,SG,29,DEN,44,13,21.0,2.2,5.3,1.2,3.5,1.0,1.9,0.4,0.6,0.3,1.3,1.1,0.7,0.1,0.9,1.6,6.0
467,Duncan Robinson,SG,27,MIA,55,50,27.2,3.9,10.0,3.0,8.4,0.9,1.6,0.7,0.8,0.4,2.6,1.5,0.6,0.2,0.9,2.6,11.6
468,Justin Robinson,PG,24,MIL,17,0,11.6,1.1,3.4,0.6,2.2,0.5,1.2,0.1,0.1,0.1,0.6,1.2,0.5,0.0,0.6,1.0,2.8
468,Justin Robinson,PG,24,DET,5,0,18.2,1.8,5.6,1.6,4.2,0.2,1.4,0.4,1.2,0.4,1.0,1.8,0.2,0.2,1.0,1.6,5.6
469,Mitchell Robinson,C,23,NYK,53,44,25.4,3.6,4.7,0.0,0.0,3.6,4.7,1.3,2.5,3.9,4.9,0.4,0.6,1.7,0.8,2.7,8.4
470,Jeremiah Robinson-Earl,C,21,OKC,44,36,23.0,2.7,6.6,1.1,3.4,1.5,3.2,0.7,1.0,1.6,4.2,1.0,0.6,0.3,0.8,1.7,7.1
471,Isaiah Roby,PF,23,OKC,22,8,15.1,2.8,5.4,0.6,1.5,2.2,4.0,0.8,1.2,1.4,2.3,0.7,0.6,0.5,0.8,1.9,7.0
472,Rajon Rondo,PG,35,LAL,18,0,16.1,1.3,3.9,0.4,1.7,0.8,2.3,0.1,0.1,0.6,2.2,3.7,0.7,0.3,1.9,1.4,3.1
472,Rajon Rondo,PG,35,CLE,13,0,21.4,2.4,5.9,1.2,3.2,1.2,2.8,1.2,1.5,0.2,3.2,4.7,1.1,0.0,1.7,1.5,7.2
473,Derrick Rose,PG,33,NYK,26,4,24.5,4.7,10.5,1.4,3.5,3.3,7.0,1.2,1.2,0.8,2.2,4.0,0.8,0.5,1.5,0.6,12.0
474,Terrence Ross,SG,30,ORL,51,0,24.2,3.7,9.0,1.3,4.2,2.3,4.8,1.9,2.2,0.3,2.2,2.0,0.5,0.2,1.3,1.1,10.6
475,Terry Rozier,SG,27,CHO,50,50,33.7,6.9,16.1,3.0,8.3,3.9,7.8,2.1,2.5,0.8,3.6,4.3,1.1,0.4,1.3,1.6,19.0
476,Ricky Rubio,PG,31,CLE,34,8,28.5,4.4,12.1,1.7,5.1,2.6,7.0,2.6,3.0,0.4,3.7,6.6,1.4,0.2,2.6,2.2,13.1
477,D'Angelo Russell,PG,25,MIN,45,45,32.2,6.5,15.9,3.0,8.6,3.5,7.3,2.9,3.6,0.4,3.1,7.0,0.9,0.5,2.5,2.2,18.8
478,Domantas Sabonis,C,25,IND,47,46,34.7,7.0,12.1,0.7,2.3,6.3,9.9,4.1,5.5,3.3,8.8,5.0,1.0,0.5,3.0,3.1,18.9
478,Domantas Sabonis,PF,25,SAC,4,4,32.3,7.8,13.5,0.0,0.8,7.8,12.8,1.8,2.5,3.0,8.5,5.5,1.0,0.3,3.0,3.3,17.3
480,Tomáš Satoransk?,SG,30,NOP,32,3,15.0,1.0,3.3,0.2,1.0,0.8,2.4,0.6,0.8,0.6,1.4,2.4,0.4,0.0,0.7,1.0,2.8
482,Admiral Schofield,SF,24,ORL,24,1,11.3,1.3,2.8,0.6,1.7,0.8,1.1,0.2,0.3,0.4,1.7,0.7,0.1,0.2,0.5,1.3,3.5
483,Dennis Schröder,SG,28,BOS,49,25,29.2,5.2,11.9,1.4,3.9,3.9,8.0,2.5,3.0,0.6,2.8,4.2,0.8,0.1,2.1,2.4,14.4
485,Jay Scrubb,SG,21,LAC,18,0,6.7,1.0,2.6,0.3,1.2,0.7,1.4,0.4,0.6,0.1,0.8,0.4,0.2,0.2,0.4,0.5,2.7
487,Alperen Þengün,C,19,HOU,49,5,18.8,3.1,6.4,0.4,1.3,2.7,5.1,2.3,3.2,1.7,3.1,2.5,0.8,0.9,2.0,2.9,8.8
488,Collin Sexton,SG,23,CLE,11,11,28.7,6.2,13.7,1.0,4.1,5.2,9.6,2.6,3.5,1.2,2.1,2.1,0.9,0.0,2.8,2.3,16.0
489,Landry Shamet,SG,24,PHO,45,7,19.8,2.4,6.4,1.6,4.5,0.8,2.0,1.0,1.2,0.2,1.7,1.6,0.5,0.1,0.5,1.2,7.4
490,Day'Ron Sharpe,PF,20,BRK,29,8,12.8,2.8,4.8,0.0,0.1,2.7,4.7,0.7,1.3,2.7,2.6,0.5,0.3,0.5,1.0,2.1,6.3
491,Pascal Siakam,PF,27,TOR,44,44,37.8,8.5,17.1,1.1,3.1,7.4,14.0,3.9,5.3,2.1,6.6,5.2,1.3,0.7,2.8,3.5,21.9
492,Chris Silva,PF,25,MIA,9,0,9.8,0.9,1.7,0.0,0.0,0.9,1.7,1.1,1.3,1.4,2.4,0.8,0.0,0.1,0.9,2.2,2.9
493,Marko Simonovic,C,22,CHI,9,0,3.9,0.4,1.7,0.1,0.6,0.3,1.1,0.9,1.2,0.6,0.6,0.0,0.1,0.1,0.2,0.7,1.9
494,Anfernee Simons,SG,22,POR,53,26,29.3,6.2,13.8,3.1,7.6,3.1,6.1,1.6,1.8,0.5,2.2,3.9,0.5,0.1,1.9,1.9,17.0
495,Jericho Sims,PF,23,NYK,18,0,6.5,0.4,0.6,0.0,0.0,0.4,0.6,0.2,0.2,0.6,0.9,0.1,0.2,0.4,0.1,0.6,1.1
497,Javonte Smart,PG,22,MIL,13,1,12.3,0.8,3.3,0.3,1.4,0.5,1.9,0.4,0.5,0.3,1.2,1.1,0.3,0.2,0.7,0.8,2.4
498,Marcus Smart,PG,27,BOS,50,50,32.7,4.0,9.8,1.5,4.8,2.5,5.0,2.2,2.8,0.6,3.3,5.3,1.8,0.3,2.0,2.4,11.7
499,Dennis Smith Jr.,PG,24,POR,37,4,17.2,2.1,5.1,0.2,0.7,2.0,4.4,1.1,1.7,0.5,1.8,3.6,1.2,0.3,1.4,1.4,5.6
500,Ish Smith,PG,33,CHO,37,1,13.8,2.0,5.0,0.3,0.7,1.7,4.3,0.3,0.5,0.3,1.2,2.6,0.5,0.3,1.0,0.9,4.5
501,Jalen Smith,PF,21,PHO,29,4,13.2,2.2,4.7,0.3,1.3,1.9,3.4,1.4,1.8,1.9,2.9,0.2,0.2,0.6,0.8,1.8,6.0
501,Jalen Smith,PF,21,IND,4,2,21.0,4.8,8.0,1.5,3.3,3.3,4.8,1.0,1.5,1.5,4.8,1.0,0.8,0.8,1.3,2.8,12.0
503,Tony Snell,SG,30,POR,38,10,14.4,0.9,2.6,0.6,2.0,0.3,0.6,0.1,0.1,0.3,1.6,0.5,0.2,0.2,0.3,1.2,2.6
505,Cassius Stanley,SG,22,DET,9,1,17.2,2.1,5.1,0.4,1.9,1.7,3.2,1.1,1.1,0.6,1.6,0.4,0.6,0.2,0.7,1.9,5.8
507,Lance Stephenson,SF,31,ATL,6,0,11.7,0.8,2.2,0.0,0.5,0.8,1.7,0.2,0.3,0.2,2.3,1.8,0.0,0.0,0.7,1.3,1.8
507,Lance Stephenson,SG,31,IND,24,1,19.7,3.9,8.4,0.6,2.4,3.3,6.0,1.6,2.0,0.4,2.8,4.1,0.6,0.1,1.8,2.0,10.0
508,Lamar Stevens,PF,24,CLE,41,8,14.3,2.0,4.3,0.3,1.1,1.7,3.2,0.6,1.0,0.7,1.5,0.6,0.5,0.2,0.5,1.4,5.0
509,Isaiah Stewart,C,20,DET,50,50,26.0,3.6,7.0,0.1,0.5,3.6,6.5,1.0,1.4,3.1,5.4,1.1,0.3,1.1,1.3,2.9,8.3
510,Max Strus,SF,25,MIA,46,9,24.0,3.8,8.5,2.7,6.5,1.1,2.0,0.7,0.9,0.4,2.8,1.3,0.3,0.2,0.8,1.7,10.9
511,Jalen Suggs,PG,20,ORL,39,36,28.2,4.4,12.0,0.9,4.2,3.5,7.9,2.8,3.7,0.6,3.1,4.4,1.3,0.4,3.0,3.0,12.6
513,Keifer Sykes,PG,28,IND,20,10,19.3,2.5,6.8,1.0,3.3,1.5,3.6,0.6,0.7,0.4,1.5,2.2,0.4,0.2,1.3,1.9,6.5
514,Jae'Sean Tate,SF,26,HOU,55,54,27.4,4.9,9.7,0.7,2.6,4.1,7.1,2.0,2.8,1.7,3.9,3.0,1.0,0.6,1.9,3.7,12.5
515,Jayson Tatum,SF,23,BOS,56,56,36.1,8.9,20.6,2.8,8.4,6.2,12.2,5.1,6.0,1.2,7.2,4.2,1.0,0.7,2.9,2.3,25.7
516,Terry Taylor,SG,22,IND,13,2,19.0,4.2,7.1,0.3,0.7,3.9,6.4,0.8,1.0,3.4,3.5,1.5,0.2,0.2,0.4,1.9,9.5
517,Garrett Temple,SG,35,NOP,54,16,19.2,1.9,5.1,1.0,3.2,0.9,1.9,0.5,0.7,0.5,2.0,1.3,0.7,0.4,0.7,1.5,5.4
521,Daniel Theis,C,29,HOU,26,21,22.5,3.2,6.9,0.9,3.0,2.3,3.8,1.0,1.5,1.2,3.8,0.8,0.4,0.7,1.2,2.4,8.4
522,Brodric Thomas,SG,25,BOS,8,0,5.0,0.4,1.4,0.1,0.9,0.3,0.5,0.3,0.3,0.3,0.5,0.6,0.0,0.1,0.5,0.6,1.1
523,Cam Thomas,SG,20,BRK,47,2,19.4,3.7,8.4,0.8,3.0,2.9,5.4,1.3,1.6,0.2,2.4,1.3,0.5,0.1,0.8,1.0,9.6
524,Isaiah Thomas,PG,32,LAL,4,1,25.3,3.0,9.8,1.3,5.5,1.8,4.3,2.0,2.8,0.3,1.8,1.5,0.0,0.5,1.3,3.0,9.3
525,Matt Thomas,SG,27,CHI,35,0,12.8,1.4,3.6,0.9,2.5,0.5,1.1,0.5,0.6,0.1,1.3,0.6,0.2,0.1,0.2,0.5,4.3
526,Klay Thompson,SG,31,GSW,16,16,25.3,6.2,14.8,2.9,7.7,3.3,7.1,1.8,1.9,0.4,3.4,3.1,0.6,0.4,1.4,1.5,17.1
527,Tristan Thompson,PF,30,SAC,30,3,15.2,2.5,5.0,0.0,0.0,2.5,5.0,1.1,2.0,2.4,3.0,0.6,0.4,0.4,1.0,1.7,6.2
527,Tristan Thompson,PF,30,IND,4,0,16.5,3.3,6.0,0.0,0.0,3.3,6.0,0.8,2.0,1.8,2.8,0.5,0.0,0.5,1.0,1.8,7.3
528,JT Thor,PF,19,CHO,18,0,8.6,0.9,2.2,0.3,1.2,0.6,0.9,0.4,0.7,0.4,1.0,0.6,0.3,0.4,0.3,1.0,2.6
529,Matisse Thybulle,SG,24,PHI,42,27,26.6,2.3,4.7,0.7,2.5,1.6,2.3,0.4,0.5,0.5,1.7,1.2,1.8,1.1,0.6,2.3,5.8
530,Killian Tillie,C,23,MEM,32,3,13.3,1.3,3.6,0.8,2.4,0.5,1.2,0.2,0.3,0.6,1.1,0.6,0.7,0.4,0.3,1.7,3.6
531,Xavier Tillman Sr.,PF,23,MEM,39,0,13.1,1.8,3.9,0.2,0.9,1.6,3.0,0.8,1.2,1.2,1.8,1.0,1.1,0.4,0.7,1.3,4.5
532,Isaiah Todd,PF,20,WAS,10,0,4.1,0.5,1.7,0.4,1.1,0.1,0.6,0.2,0.6,0.2,0.8,0.3,0.2,0.2,0.1,0.1,1.6
533,Obi Toppin,PF,23,NYK,54,2,15.1,2.8,5.6,0.4,1.7,2.4,3.8,1.2,1.6,0.9,2.6,0.9,0.3,0.4,0.8,1.4,7.3
534,Juan Toscano-Anderson,SF,28,GSW,56,5,14.5,1.8,3.6,0.4,1.3,1.4,2.3,0.6,1.0,0.5,2.2,1.9,0.7,0.3,1.1,1.6,4.5
535,Karl-Anthony Towns,C,26,MIN,52,52,34.3,8.7,16.7,2.1,5.2,6.6,11.5,4.9,5.9,2.8,6.9,4.0,1.0,1.1,3.3,3.6,24.4
536,Gary Trent Jr.,SG,23,TOR,48,47,34.9,6.7,15.7,3.2,8.0,3.5,7.6,1.9,2.4,0.3,2.4,1.9,1.9,0.3,1.0,2.1,18.6
537,P.J. Tucker,PF,36,MIA,51,50,28.3,3.1,6.3,1.4,3.1,1.7,3.2,0.7,1.0,1.4,4.0,2.1,0.8,0.2,1.0,2.4,8.4
539,Myles Turner,C,25,IND,42,42,29.4,4.8,9.4,1.5,4.4,3.3,5.0,1.9,2.5,1.5,5.5,1.0,0.7,2.8,1.3,2.8,12.9
540,Jonas Valan?i?nas,C,29,NOP,52,52,31.2,6.9,12.8,0.9,2.3,6.0,10.5,3.3,4.1,3.2,8.2,2.6,0.5,0.9,2.5,3.3,18.0
541,Denzel Valentine,SG,28,CLE,22,0,9.3,1.0,2.8,0.8,2.0,0.2,0.8,0.0,0.0,0.4,1.3,0.5,0.3,0.0,0.5,0.8,2.9
542,Jarred Vanderbilt,PF,22,MIN,54,47,26.0,3.0,5.0,0.0,0.2,3.0,4.8,1.1,1.7,3.1,5.7,1.4,1.5,0.7,1.0,2.5,7.2
543,Fred VanVleet,PG,27,TOR,50,50,38.4,7.3,17.3,4.0,10.0,3.2,7.3,3.1,3.5,0.8,3.8,7.0,1.6,0.5,2.7,2.3,21.6
544,Devin Vassell,SF,21,SAS,51,12,25.7,4.5,10.3,1.7,5.1,2.7,5.2,0.9,1.1,0.5,3.7,1.7,1.0,0.6,0.7,2.0,11.5
545,Gabe Vincent,PG,25,MIA,49,19,24.2,3.3,7.8,1.9,4.9,1.5,2.9,0.8,0.9,0.4,1.7,3.3,1.0,0.2,1.6,2.5,9.3
546,Nikola Vu?evi?,C,31,CHI,52,52,33.9,7.7,16.2,1.5,4.8,6.2,11.4,1.3,1.7,2.0,9.7,3.6,1.0,1.2,1.9,2.5,18.2
547,Dean Wade,PF,25,CLE,43,25,19.3,2.0,4.3,1.1,2.9,0.9,1.4,0.4,0.6,0.7,2.5,1.2,0.6,0.1,0.4,1.7,5.5
548,Franz Wagner,SF,20,ORL,60,60,32.0,5.9,12.7,1.3,3.6,4.7,9.2,2.4,2.9,1.1,3.5,3.0,0.9,0.5,1.6,2.1,15.6
549,Moritz Wagner,C,24,ORL,45,0,12.5,2.6,5.3,0.9,2.8,1.7,2.5,1.4,1.8,0.5,2.0,1.1,0.3,0.2,0.7,1.8,7.6
550,Ish Wainright,PF,27,PHO,29,0,7.4,0.7,2.0,0.3,1.1,0.4,0.9,0.1,0.2,0.7,0.6,0.3,0.3,0.2,0.3,1.1,1.9
551,Kemba Walker,PG,31,NYK,37,37,25.6,4.0,10.0,2.0,5.4,2.1,4.6,1.6,1.9,0.4,2.6,3.5,0.7,0.2,1.3,1.0,11.6
552,Lonnie Walker IV,SG,23,SAS,54,6,22.8,4.2,10.6,1.4,4.7,2.8,5.8,1.5,1.8,0.3,2.3,2.3,0.6,0.3,1.1,1.4,11.2
555,Brad Wanamaker,PG,32,IND,22,1,13.3,1.2,3.3,0.2,0.8,1.0,2.5,0.9,1.0,0.3,1.3,2.2,0.2,0.3,1.0,1.9,3.5
556,Duane Washington Jr.,PG,21,IND,28,7,19.8,3.3,8.6,1.5,4.4,1.8,4.2,0.8,1.0,0.1,1.8,1.9,0.5,0.0,1.0,1.4,8.8
557,P.J. Washington,PF,23,CHO,42,5,24.9,3.4,7.6,1.8,4.7,1.6,2.9,1.0,1.5,1.3,4.1,2.0,0.8,0.9,1.3,2.5,9.7
558,Yuta Watanabe,SF,27,TOR,25,4,14.6,1.7,4.2,0.8,2.4,0.8,1.9,0.7,1.2,0.6,2.3,0.6,0.3,0.5,0.6,1.3,4.9
561,Trendon Watford,SF,21,POR,33,0,12.6,1.9,3.2,0.0,0.3,1.8,2.8,0.7,1.1,0.8,2.4,1.1,0.3,0.5,0.7,1.7,4.5
562,Paul Watson,SF,27,OKC,9,3,17.3,1.3,3.9,0.7,2.9,0.7,1.0,0.1,0.2,0.3,2.7,0.9,0.3,0.3,0.4,1.1,3.4
563,Quinndary Weatherspoon,SG,25,GSW,5,0,6.6,1.2,2.0,0.0,0.2,1.2,1.8,0.4,0.4,0.2,1.0,0.4,0.2,0.2,0.6,1.4,2.8
564,Russell Westbrook,PG,33,LAL,57,57,34.6,6.9,15.8,1.0,3.5,5.9,12.4,3.4,5.1,1.4,6.4,7.5,1.0,0.3,4.0,3.0,18.3
565,Coby White,PG,21,CHI,39,15,28.2,5.0,11.0,2.4,5.9,2.6,5.1,1.6,1.9,0.3,2.8,2.8,0.5,0.3,1.3,2.3,14.0
566,Derrick White,SG,27,SAS,49,48,30.3,5.0,11.6,1.7,5.3,3.3,6.4,2.8,3.3,0.5,3.0,5.6,1.0,0.9,1.8,2.4,14.4
566,Derrick White,SG,27,BOS,4,1,30.3,4.3,11.3,1.5,6.5,2.8,4.8,2.3,3.0,1.0,3.3,3.8,1.8,1.0,1.5,3.0,12.3
567,Hassan Whiteside,C,32,UTA,46,7,18.5,3.5,5.5,0.0,0.0,3.5,5.5,1.7,2.6,2.5,5.3,0.4,0.3,1.5,0.9,3.0,8.7
568,Joe Wieskamp,SG,22,SAS,15,0,6.1,0.9,1.9,0.5,1.3,0.3,0.6,0.2,0.5,0.2,0.3,0.3,0.1,0.1,0.1,0.4,2.5
569,Aaron Wiggins,SG,23,OKC,34,20,22.4,2.6,5.7,0.8,2.6,1.9,3.1,1.1,1.5,0.9,2.5,1.1,0.7,0.2,0.8,2.0,7.1
570,Andrew Wiggins,SF,26,GSW,54,54,31.7,6.7,13.9,2.3,5.5,4.4,8.4,2.1,3.2,1.0,3.2,2.1,1.0,0.7,1.5,1.9,17.7
571,Lindell Wigginton,PG,23,MIL,9,0,9.8,1.6,2.8,0.8,1.4,0.8,1.3,0.8,1.2,0.1,1.0,0.8,0.3,0.1,0.7,0.9,4.7
573,Grant Williams,PF,23,BOS,55,15,23.2,2.5,5.2,1.6,3.5,1.0,1.7,0.8,0.9,0.8,2.5,1.1,0.5,0.7,0.7,2.3,7.5
574,Kenrich Williams,SF,27,OKC,49,0,21.9,3.0,6.5,0.8,2.5,2.1,4.0,0.6,1.1,1.5,3.0,2.2,0.9,0.2,0.9,1.7,7.4
575,Lou Williams,PG,35,ATL,40,0,14.7,2.4,6.1,0.8,2.1,1.7,4.0,1.3,1.4,0.3,1.3,2.0,0.5,0.1,0.8,0.9,6.8
576,Patrick Williams,PF,20,CHI,5,5,25.0,2.6,4.6,0.6,1.2,2.0,3.4,0.8,0.8,0.2,2.0,0.6,0.6,0.4,0.4,1.8,6.6
577,Robert Williams,C,24,BOS,47,47,30.0,4.4,6.0,0.0,0.0,4.4,6.0,1.1,1.6,3.9,5.8,2.0,0.9,2.2,1.2,2.1,10.0
578,Ziaire Williams,SF,20,MEM,40,19,21.5,2.9,6.5,1.1,3.7,1.8,2.8,0.5,0.6,0.3,1.5,0.9,0.6,0.2,0.6,2.0,7.3
580,Dylan Windler,SF,25,CLE,37,0,9.3,0.9,2.1,0.6,1.5,0.3,0.6,0.2,0.2,0.4,1.3,0.7,0.2,0.1,0.4,1.0,2.5
581,Justise Winslow,SF,25,LAC,37,1,12.9,1.7,3.8,0.1,0.8,1.6,3.0,0.7,1.1,0.8,2.8,1.4,0.6,0.5,1.0,1.2,4.2
581,Justise Winslow,SF,25,POR,6,5,31.3,4.8,10.5,1.0,3.5,3.8,7.0,1.3,2.0,1.7,5.7,3.3,1.7,0.8,1.3,2.0,12.0
582,Cassius Winston,PG,23,WAS,4,0,5.8,0.8,1.5,0.5,1.3,0.3,0.3,0.5,0.5,0.0,0.0,1.0,0.0,0.0,0.3,1.0,2.5
583,Christian Wood,C,26,HOU,53,52,31.0,6.5,13.3,1.8,5.0,4.6,8.4,2.9,4.6,1.7,8.5,2.2,0.7,1.0,1.9,2.5,17.6
584,Robert Woodard II,SF,22,SAC,12,0,3.5,0.2,1.3,0.1,0.3,0.1,1.0,0.2,0.2,0.4,0.5,0.3,0.1,0.1,0.1,0.3,0.6
585,Delon Wright,SG,29,ATL,53,5,18.2,1.6,3.6,0.5,1.5,1.0,2.1,0.6,0.8,0.7,2.2,2.5,1.0,0.2,0.6,0.8,4.3
588,Thaddeus Young,PF,33,SAS,26,1,14.2,2.8,4.9,0.0,0.2,2.8,4.7,0.4,0.8,1.5,2.0,2.3,0.9,0.3,1.2,1.5,6.1
589,Trae Young,PG,23,ATL,53,53,34.4,9.3,20.5,3.0,7.8,6.4,12.7,6.2,6.9,0.6,3.2,9.3,1.0,0.1,4.1,1.6,27.8
590,Omer Yurtseven,C,23,MIA,41,10,14.1,2.6,4.9,0.0,0.2,2.6,4.8,0.8,1.3,1.7,4.2,1.0,0.4,0.4,0.9,1.7,6.1
591,Cody Zeller,C,29,POR,27,0,13.1,1.9,3.3,0.0,0.1,1.9,3.2,1.4,1.8,1.9,2.8,0.8,0.3,0.2,0.7,2.1,5.2
592,Ivica Zubac,C,24,LAC,54,54,24.3,3.7,5.7,0.0,0.0,3.7,5.7,2.2,3.1,2.6,5.4,1.4,0.4,1.0,1.4,2.5,9.6
